id,firstname,lastname,email,email2,profession
500,Abbie,Alva,Abbie.Alva@yopmail.com,Abbie.Alva@gmail.com,worker
501,Mamie,Gombach,Mamie.Gombach@yopmail.com,Mamie.Gombach@gmail.com,firefighter
502,Gwyneth,Abbot,Gwyneth.Abbot@yopmail.com,Gwyneth.Abbot@gmail.com,firefighter
503,Jennica,Kamaria,Jennica.Kamaria@yopmail.com,Jennica.Kamaria@gmail.com,worker
504,Johna,Anastatius,Johna.Anastatius@yopmail.com,Johna.Anastatius@gmail.com,worker
505,Lily,Tound,Lily.Tound@yopmail.com,Lily.Tound@gmail.com,developer
506,Wynne,Herrera,Wynne.Herrera@yopmail.com,Wynne.Herrera@gmail.com,worker
507,Babita,Nea,Babita.Nea@yopmail.com,Babita.Nea@gmail.com,developer
508,Louella,Argus,Louella.Argus@yopmail.com,Louella.Argus@gmail.com,police officer
509,Paola,Margret,Paola.Margret@yopmail.com,Paola.Margret@gmail.com,developer
510,Marcelline,Khorma,Marcelline.Khorma@yopmail.com,Marcelline.Khorma@gmail.com,police officer
511,Micheline,Briney,Micheline.Briney@yopmail.com,Micheline.Briney@gmail.com,doctor
512,Leona,Kare,Leona.Kare@yopmail.com,Leona.Kare@gmail.com,doctor
513,Morganica,Willie,Morganica.Willie@yopmail.com,Morganica.Willie@gmail.com,developer
514,Magdalena,Natalia,Magdalena.Natalia@yopmail.com,Magdalena.Natalia@gmail.com,developer
515,Shel,Kimmie,Shel.Kimmie@yopmail.com,Shel.Kimmie@gmail.com,police officer
516,Audrie,Brunell,Audrie.Brunell@yopmail.com,Audrie.Brunell@gmail.com,worker
517,Genovera,Ephrem,Genovera.Ephrem@yopmail.com,Genovera.Ephrem@gmail.com,developer
518,Asia,Behre,Asia.Behre@yopmail.com,Asia.Behre@gmail.com,police officer
519,Darci,Daniele,Darci.Daniele@yopmail.com,Darci.Daniele@gmail.com,police officer
520,Almeta,Bakerman,Almeta.Bakerman@yopmail.com,Almeta.Bakerman@gmail.com,police officer
521,Kenna,Weide,Kenna.Weide@yopmail.com,Kenna.Weide@gmail.com,firefighter
522,Helena,Ogren,Helena.Ogren@yopmail.com,Helena.Ogren@gmail.com,developer
523,Mara,Suanne,Mara.Suanne@yopmail.com,Mara.Suanne@gmail.com,doctor
524,Kellen,Suk,Kellen.Suk@yopmail.com,Kellen.Suk@gmail.com,worker
525,Berget,Ariella,Berget.Ariella@yopmail.com,Berget.Ariella@gmail.com,firefighter
526,Daphne,Goddard,Daphne.Goddard@yopmail.com,Daphne.Goddard@gmail.com,worker
527,Karlee,Hubert,Karlee.Hubert@yopmail.com,Karlee.Hubert@gmail.com,worker
528,Nadine,Manolo,Nadine.Manolo@yopmail.com,Nadine.Manolo@gmail.com,police officer
529,Kamilah,Cornelia,Kamilah.Cornelia@yopmail.com,Kamilah.Cornelia@gmail.com,worker
530,Minne,Ambrosia,Minne.Ambrosia@yopmail.com,Minne.Ambrosia@gmail.com,developer
531,Hannis,Velick,Hannis.Velick@yopmail.com,Hannis.Velick@gmail.com,developer
532,Yetty,Braun,Yetty.Braun@yopmail.com,Yetty.Braun@gmail.com,police officer
533,Laure,McLaughlin,Laure.McLaughlin@yopmail.com,Laure.McLaughlin@gmail.com,developer
534,Nariko,Crudden,Nariko.Crudden@yopmail.com,Nariko.Crudden@gmail.com,doctor
535,Nickie,Eiser,Nickie.Eiser@yopmail.com,Nickie.Eiser@gmail.com,police officer
536,Jackie,Kimmie,Jackie.Kimmie@yopmail.com,Jackie.Kimmie@gmail.com,developer
537,Fanny,Frodi,Fanny.Frodi@yopmail.com,Fanny.Frodi@gmail.com,developer
538,Lorie,Terrence,Lorie.Terrence@yopmail.com,Lorie.Terrence@gmail.com,worker
539,Ardenia,Dorcy,Ardenia.Dorcy@yopmail.com,Ardenia.Dorcy@gmail.com,firefighter
540,Aurelie,Crudden,Aurelie.Crudden@yopmail.com,Aurelie.Crudden@gmail.com,worker
541,Konstance,Fiann,Konstance.Fiann@yopmail.com,Konstance.Fiann@gmail.com,worker
542,Moyna,Taam,Moyna.Taam@yopmail.com,Moyna.Taam@gmail.com,firefighter
543,Heida,Hailee,Heida.Hailee@yopmail.com,Heida.Hailee@gmail.com,firefighter
544,Linzy,Cecile,Linzy.Cecile@yopmail.com,Linzy.Cecile@gmail.com,police officer
545,Bernardine,Lorain,Bernardine.Lorain@yopmail.com,Bernardine.Lorain@gmail.com,developer
546,Fidelia,Braun,Fidelia.Braun@yopmail.com,Fidelia.Braun@gmail.com,worker
547,Keelia,Bari,Keelia.Bari@yopmail.com,Keelia.Bari@gmail.com,firefighter
548,Aaren,Yusuk,Aaren.Yusuk@yopmail.com,Aaren.Yusuk@gmail.com,police officer
549,Kathy,Grobe,Kathy.Grobe@yopmail.com,Kathy.Grobe@gmail.com,police officer
550,Charlena,Clarissa,Charlena.Clarissa@yopmail.com,Charlena.Clarissa@gmail.com,police officer
551,Yetty,Hull,Yetty.Hull@yopmail.com,Yetty.Hull@gmail.com,doctor
552,Sibella,Bahr,Sibella.Bahr@yopmail.com,Sibella.Bahr@gmail.com,doctor
553,Sadie,Pandolfi,Sadie.Pandolfi@yopmail.com,Sadie.Pandolfi@gmail.com,worker
554,Natka,Gahl,Natka.Gahl@yopmail.com,Natka.Gahl@gmail.com,developer
555,Alejandra,Dearborn,Alejandra.Dearborn@yopmail.com,Alejandra.Dearborn@gmail.com,developer
556,Josephine,Ogren,Josephine.Ogren@yopmail.com,Josephine.Ogren@gmail.com,developer
557,Di,Horan,Di.Horan@yopmail.com,Di.Horan@gmail.com,developer
558,Danny,Rheingold,Danny.Rheingold@yopmail.com,Danny.Rheingold@gmail.com,developer
559,Andeee,Estella,Andeee.Estella@yopmail.com,Andeee.Estella@gmail.com,worker
560,Tamqrah,Nicoline,Tamqrah.Nicoline@yopmail.com,Tamqrah.Nicoline@gmail.com,firefighter
561,Minda,Joeann,Minda.Joeann@yopmail.com,Minda.Joeann@gmail.com,worker
562,Leia,Honoria,Leia.Honoria@yopmail.com,Leia.Honoria@gmail.com,worker
563,Nataline,Ellord,Nataline.Ellord@yopmail.com,Nataline.Ellord@gmail.com,worker
564,Lila,Susannah,Lila.Susannah@yopmail.com,Lila.Susannah@gmail.com,police officer
565,Lilith,Anyah,Lilith.Anyah@yopmail.com,Lilith.Anyah@gmail.com,doctor
566,Karlee,Vorster,Karlee.Vorster@yopmail.com,Karlee.Vorster@gmail.com,firefighter
567,Wendi,Lindemann,Wendi.Lindemann@yopmail.com,Wendi.Lindemann@gmail.com,developer
568,Laure,Bow,Laure.Bow@yopmail.com,Laure.Bow@gmail.com,worker
569,Consuela,Schroth,Consuela.Schroth@yopmail.com,Consuela.Schroth@gmail.com,doctor
570,Randa,Minetta,Randa.Minetta@yopmail.com,Randa.Minetta@gmail.com,firefighter
571,Mathilda,Ammann,Mathilda.Ammann@yopmail.com,Mathilda.Ammann@gmail.com,doctor
572,Clementine,Love,Clementine.Love@yopmail.com,Clementine.Love@gmail.com,police officer
573,Beverley,Wolfgram,Beverley.Wolfgram@yopmail.com,Beverley.Wolfgram@gmail.com,doctor
574,Anestassia,Aldric,Anestassia.Aldric@yopmail.com,Anestassia.Aldric@gmail.com,police officer
575,Livvyy,Barrus,Livvyy.Barrus@yopmail.com,Livvyy.Barrus@gmail.com,developer
576,Alex,Lunsford,Alex.Lunsford@yopmail.com,Alex.Lunsford@gmail.com,developer
577,Fanny,Jotham,Fanny.Jotham@yopmail.com,Fanny.Jotham@gmail.com,firefighter
578,Angela,Kinnard,Angela.Kinnard@yopmail.com,Angela.Kinnard@gmail.com,doctor
579,Demetris,Zeeba,Demetris.Zeeba@yopmail.com,Demetris.Zeeba@gmail.com,doctor
580,Hayley,Michella,Hayley.Michella@yopmail.com,Hayley.Michella@gmail.com,developer
581,Orsola,Keily,Orsola.Keily@yopmail.com,Orsola.Keily@gmail.com,developer
582,Teriann,Ulphia,Teriann.Ulphia@yopmail.com,Teriann.Ulphia@gmail.com,police officer
583,Sarette,Hanleigh,Sarette.Hanleigh@yopmail.com,Sarette.Hanleigh@gmail.com,worker
584,Deane,Swigart,Deane.Swigart@yopmail.com,Deane.Swigart@gmail.com,developer
585,Cassondra,Atcliffe,Cassondra.Atcliffe@yopmail.com,Cassondra.Atcliffe@gmail.com,firefighter
586,Nariko,Creamer,Nariko.Creamer@yopmail.com,Nariko.Creamer@gmail.com,developer
587,Marline,Kare,Marline.Kare@yopmail.com,Marline.Kare@gmail.com,developer
588,Glenda,Truc,Glenda.Truc@yopmail.com,Glenda.Truc@gmail.com,worker
589,Fernande,Schlosser,Fernande.Schlosser@yopmail.com,Fernande.Schlosser@gmail.com,police officer
590,Lanna,Iiette,Lanna.Iiette@yopmail.com,Lanna.Iiette@gmail.com,doctor
591,Susan,Ailyn,Susan.Ailyn@yopmail.com,Susan.Ailyn@gmail.com,firefighter
592,Adriana,Aloise,Adriana.Aloise@yopmail.com,Adriana.Aloise@gmail.com,worker
593,Miquela,Berl,Miquela.Berl@yopmail.com,Miquela.Berl@gmail.com,doctor
594,Augustine,Sammons,Augustine.Sammons@yopmail.com,Augustine.Sammons@gmail.com,doctor
595,Leia,Bow,Leia.Bow@yopmail.com,Leia.Bow@gmail.com,doctor
596,Renae,Toni,Renae.Toni@yopmail.com,Renae.Toni@gmail.com,police officer
597,Lexine,Justinn,Lexine.Justinn@yopmail.com,Lexine.Justinn@gmail.com,developer
598,Joleen,Eckblad,Joleen.Eckblad@yopmail.com,Joleen.Eckblad@gmail.com,doctor
599,Dorothy,Toffic,Dorothy.Toffic@yopmail.com,Dorothy.Toffic@gmail.com,police officer
600,Coral,Blase,Coral.Blase@yopmail.com,Coral.Blase@gmail.com,worker
601,Olwen,Buckler,Olwen.Buckler@yopmail.com,Olwen.Buckler@gmail.com,police officer
602,Nelle,Hutchison,Nelle.Hutchison@yopmail.com,Nelle.Hutchison@gmail.com,doctor
603,Fidelia,Suk,Fidelia.Suk@yopmail.com,Fidelia.Suk@gmail.com,police officer
604,Clo,Wooster,Clo.Wooster@yopmail.com,Clo.Wooster@gmail.com,developer
605,Doro,Eckblad,Doro.Eckblad@yopmail.com,Doro.Eckblad@gmail.com,firefighter
606,Rhoda,Radu,Rhoda.Radu@yopmail.com,Rhoda.Radu@gmail.com,firefighter
607,Aurore,Wildermuth,Aurore.Wildermuth@yopmail.com,Aurore.Wildermuth@gmail.com,firefighter
608,Stevana,Deegan,Stevana.Deegan@yopmail.com,Stevana.Deegan@gmail.com,developer
609,Sandie,Henrie,Sandie.Henrie@yopmail.com,Sandie.Henrie@gmail.com,police officer
610,Dorene,Maples,Dorene.Maples@yopmail.com,Dorene.Maples@gmail.com,developer
611,Lolita,Miru,Lolita.Miru@yopmail.com,Lolita.Miru@gmail.com,worker
612,Marika,Tufts,Marika.Tufts@yopmail.com,Marika.Tufts@gmail.com,police officer
613,Amalie,Deegan,Amalie.Deegan@yopmail.com,Amalie.Deegan@gmail.com,developer
614,Nerta,Liebermann,Nerta.Liebermann@yopmail.com,Nerta.Liebermann@gmail.com,firefighter
615,Nanete,Couture,Nanete.Couture@yopmail.com,Nanete.Couture@gmail.com,doctor
616,Gilda,Marcellus,Gilda.Marcellus@yopmail.com,Gilda.Marcellus@gmail.com,police officer
617,Lucille,Pelagias,Lucille.Pelagias@yopmail.com,Lucille.Pelagias@gmail.com,developer
618,Maye,Hashim,Maye.Hashim@yopmail.com,Maye.Hashim@gmail.com,police officer
619,Deedee,Brotherson,Deedee.Brotherson@yopmail.com,Deedee.Brotherson@gmail.com,police officer
620,Kimberley,Gibbeon,Kimberley.Gibbeon@yopmail.com,Kimberley.Gibbeon@gmail.com,worker
621,Kore,Magnolia,Kore.Magnolia@yopmail.com,Kore.Magnolia@gmail.com,worker
622,Shirlee,Malina,Shirlee.Malina@yopmail.com,Shirlee.Malina@gmail.com,doctor
623,Madelle,Millda,Madelle.Millda@yopmail.com,Madelle.Millda@gmail.com,police officer
624,Sonni,Munn,Sonni.Munn@yopmail.com,Sonni.Munn@gmail.com,police officer
625,Romona,Phyllis,Romona.Phyllis@yopmail.com,Romona.Phyllis@gmail.com,developer
626,Talya,Havens,Talya.Havens@yopmail.com,Talya.Havens@gmail.com,doctor
627,Cassondra,Dimitris,Cassondra.Dimitris@yopmail.com,Cassondra.Dimitris@gmail.com,developer
628,Elfreda,Bonucci,Elfreda.Bonucci@yopmail.com,Elfreda.Bonucci@gmail.com,firefighter
629,Dania,Papageno,Dania.Papageno@yopmail.com,Dania.Papageno@gmail.com,doctor
630,Adelle,Etom,Adelle.Etom@yopmail.com,Adelle.Etom@gmail.com,doctor
631,Elie,Emanuel,Elie.Emanuel@yopmail.com,Elie.Emanuel@gmail.com,police officer
632,Peri,Jess,Peri.Jess@yopmail.com,Peri.Jess@gmail.com,worker
633,Cyndie,Brenn,Cyndie.Brenn@yopmail.com,Cyndie.Brenn@gmail.com,doctor
634,Binny,Wenda,Binny.Wenda@yopmail.com,Binny.Wenda@gmail.com,police officer
635,Marsiella,Loleta,Marsiella.Loleta@yopmail.com,Marsiella.Loleta@gmail.com,developer
636,Tilly,Goldina,Tilly.Goldina@yopmail.com,Tilly.Goldina@gmail.com,police officer
637,Isa,Lamoree,Isa.Lamoree@yopmail.com,Isa.Lamoree@gmail.com,worker
638,Ilse,Nance,Ilse.Nance@yopmail.com,Ilse.Nance@gmail.com,developer
639,Sashenka,Bennie,Sashenka.Bennie@yopmail.com,Sashenka.Bennie@gmail.com,developer
640,Belva,Vharat,Belva.Vharat@yopmail.com,Belva.Vharat@gmail.com,doctor
641,Pearline,Berriman,Pearline.Berriman@yopmail.com,Pearline.Berriman@gmail.com,developer
642,Siana,Marisa,Siana.Marisa@yopmail.com,Siana.Marisa@gmail.com,firefighter
643,Steffane,Adlare,Steffane.Adlare@yopmail.com,Steffane.Adlare@gmail.com,firefighter
644,Cherilyn,Craggie,Cherilyn.Craggie@yopmail.com,Cherilyn.Craggie@gmail.com,worker
645,Meghann,Tatianas,Meghann.Tatianas@yopmail.com,Meghann.Tatianas@gmail.com,doctor
646,Alameda,Zenas,Alameda.Zenas@yopmail.com,Alameda.Zenas@gmail.com,police officer
647,Mireielle,Duwalt,Mireielle.Duwalt@yopmail.com,Mireielle.Duwalt@gmail.com,worker
648,Sissy,Maisey,Sissy.Maisey@yopmail.com,Sissy.Maisey@gmail.com,police officer
649,Gabi,Peg,Gabi.Peg@yopmail.com,Gabi.Peg@gmail.com,developer
650,Jenilee,Carmena,Jenilee.Carmena@yopmail.com,Jenilee.Carmena@gmail.com,police officer
651,Helsa,Allare,Helsa.Allare@yopmail.com,Helsa.Allare@gmail.com,firefighter
652,Tatiania,Uird,Tatiania.Uird@yopmail.com,Tatiania.Uird@gmail.com,police officer
653,Yvonne,Primalia,Yvonne.Primalia@yopmail.com,Yvonne.Primalia@gmail.com,doctor
654,Jean,Vorster,Jean.Vorster@yopmail.com,Jean.Vorster@gmail.com,developer
655,Alyssa,Denis,Alyssa.Denis@yopmail.com,Alyssa.Denis@gmail.com,worker
656,Allis,Saree,Allis.Saree@yopmail.com,Allis.Saree@gmail.com,police officer
657,Consuela,Dermott,Consuela.Dermott@yopmail.com,Consuela.Dermott@gmail.com,developer
658,Wynne,Sothena,Wynne.Sothena@yopmail.com,Wynne.Sothena@gmail.com,developer
659,Aigneis,Kalinda,Aigneis.Kalinda@yopmail.com,Aigneis.Kalinda@gmail.com,police officer
660,Averyl,Wenda,Averyl.Wenda@yopmail.com,Averyl.Wenda@gmail.com,firefighter
661,Delilah,Etom,Delilah.Etom@yopmail.com,Delilah.Etom@gmail.com,worker
662,Ayn,Ader,Ayn.Ader@yopmail.com,Ayn.Ader@gmail.com,police officer
663,Elyssa,Korey,Elyssa.Korey@yopmail.com,Elyssa.Korey@gmail.com,police officer
664,Evaleen,Barbey,Evaleen.Barbey@yopmail.com,Evaleen.Barbey@gmail.com,worker
665,Nanete,Vins,Nanete.Vins@yopmail.com,Nanete.Vins@gmail.com,worker
666,Cyb,Poll,Cyb.Poll@yopmail.com,Cyb.Poll@gmail.com,developer
667,Larine,Anyah,Larine.Anyah@yopmail.com,Larine.Anyah@gmail.com,police officer
668,Amii,Ivens,Amii.Ivens@yopmail.com,Amii.Ivens@gmail.com,doctor
669,Rani,Fax,Rani.Fax@yopmail.com,Rani.Fax@gmail.com,police officer
670,Nessie,Graig,Nessie.Graig@yopmail.com,Nessie.Graig@gmail.com,worker
671,Kate,Cutlerr,Kate.Cutlerr@yopmail.com,Kate.Cutlerr@gmail.com,doctor
672,Brana,Hedve,Brana.Hedve@yopmail.com,Brana.Hedve@gmail.com,firefighter
673,Joy,Orelee,Joy.Orelee@yopmail.com,Joy.Orelee@gmail.com,developer
674,Annice,Madox,Annice.Madox@yopmail.com,Annice.Madox@gmail.com,developer
675,Vivia,Horan,Vivia.Horan@yopmail.com,Vivia.Horan@gmail.com,developer
676,Margette,Nicoline,Margette.Nicoline@yopmail.com,Margette.Nicoline@gmail.com,firefighter
677,Lonnie,Kristi,Lonnie.Kristi@yopmail.com,Lonnie.Kristi@gmail.com,developer
678,Flo,Merna,Flo.Merna@yopmail.com,Flo.Merna@gmail.com,firefighter
679,Odessa,Strephon,Odessa.Strephon@yopmail.com,Odessa.Strephon@gmail.com,worker
680,Zsa Zsa,Wiener,Zsa Zsa.Wiener@yopmail.com,Zsa Zsa.Wiener@gmail.com,police officer
681,Florie,Franza,Florie.Franza@yopmail.com,Florie.Franza@gmail.com,firefighter
682,Sue,Natalia,Sue.Natalia@yopmail.com,Sue.Natalia@gmail.com,developer
683,Emylee,Radu,Emylee.Radu@yopmail.com,Emylee.Radu@gmail.com,worker
684,Jillayne,Idelia,Jillayne.Idelia@yopmail.com,Jillayne.Idelia@gmail.com,doctor
685,Marcelline,Burkle,Marcelline.Burkle@yopmail.com,Marcelline.Burkle@gmail.com,police officer
686,Florencia,Saunderson,Florencia.Saunderson@yopmail.com,Florencia.Saunderson@gmail.com,firefighter
687,Averyl,Merna,Averyl.Merna@yopmail.com,Averyl.Merna@gmail.com,police officer
688,Marcy,Rolf,Marcy.Rolf@yopmail.com,Marcy.Rolf@gmail.com,worker
689,Ninnetta,Thunell,Ninnetta.Thunell@yopmail.com,Ninnetta.Thunell@gmail.com,worker
690,Jany,Ciapas,Jany.Ciapas@yopmail.com,Jany.Ciapas@gmail.com,firefighter
691,Yvonne,Iiette,Yvonne.Iiette@yopmail.com,Yvonne.Iiette@gmail.com,doctor
692,Jobi,Deegan,Jobi.Deegan@yopmail.com,Jobi.Deegan@gmail.com,worker
693,Nollie,Krystle,Nollie.Krystle@yopmail.com,Nollie.Krystle@gmail.com,doctor
694,Charmaine,Lanita,Charmaine.Lanita@yopmail.com,Charmaine.Lanita@gmail.com,firefighter
695,Kore,Anyah,Kore.Anyah@yopmail.com,Kore.Anyah@gmail.com,firefighter
696,Dulcinea,Reinke,Dulcinea.Reinke@yopmail.com,Dulcinea.Reinke@gmail.com,police officer
697,Dione,Hebner,Dione.Hebner@yopmail.com,Dione.Hebner@gmail.com,doctor
698,Sara-Ann,Lubin,Sara-Ann.Lubin@yopmail.com,Sara-Ann.Lubin@gmail.com,firefighter
699,Karina,Christal,Karina.Christal@yopmail.com,Karina.Christal@gmail.com,doctor
700,Anica,Elephus,Anica.Elephus@yopmail.com,Anica.Elephus@gmail.com,worker
701,Hayley,Blisse,Hayley.Blisse@yopmail.com,Hayley.Blisse@gmail.com,developer
702,Lilith,Audly,Lilith.Audly@yopmail.com,Lilith.Audly@gmail.com,firefighter
703,Theodora,Evvie,Theodora.Evvie@yopmail.com,Theodora.Evvie@gmail.com,doctor
704,Loree,Diogenes,Loree.Diogenes@yopmail.com,Loree.Diogenes@gmail.com,developer
705,Pearline,Ariella,Pearline.Ariella@yopmail.com,Pearline.Ariella@gmail.com,doctor
706,Kenna,Frendel,Kenna.Frendel@yopmail.com,Kenna.Frendel@gmail.com,worker
707,Fawne,Adamsen,Fawne.Adamsen@yopmail.com,Fawne.Adamsen@gmail.com,worker
708,Courtnay,Maribeth,Courtnay.Maribeth@yopmail.com,Courtnay.Maribeth@gmail.com,firefighter
709,Lyssa,Kaete,Lyssa.Kaete@yopmail.com,Lyssa.Kaete@gmail.com,developer
710,Courtnay,Rillings,Courtnay.Rillings@yopmail.com,Courtnay.Rillings@gmail.com,police officer
711,Ericka,Oster,Ericka.Oster@yopmail.com,Ericka.Oster@gmail.com,developer
712,Charlena,Secrest,Charlena.Secrest@yopmail.com,Charlena.Secrest@gmail.com,developer
713,Alexine,Afton,Alexine.Afton@yopmail.com,Alexine.Afton@gmail.com,worker
714,Maisey,Tyson,Maisey.Tyson@yopmail.com,Maisey.Tyson@gmail.com,doctor
715,Bertine,Atcliffe,Bertine.Atcliffe@yopmail.com,Bertine.Atcliffe@gmail.com,developer
716,Katuscha,Glenden,Katuscha.Glenden@yopmail.com,Katuscha.Glenden@gmail.com,police officer
717,Jolyn,Anderea,Jolyn.Anderea@yopmail.com,Jolyn.Anderea@gmail.com,police officer
718,Noelle,Beebe,Noelle.Beebe@yopmail.com,Noelle.Beebe@gmail.com,police officer
719,Juliane,Pillsbury,Juliane.Pillsbury@yopmail.com,Juliane.Pillsbury@gmail.com,firefighter
720,Feliza,Merriott,Feliza.Merriott@yopmail.com,Feliza.Merriott@gmail.com,developer
721,Sadie,Michella,Sadie.Michella@yopmail.com,Sadie.Michella@gmail.com,doctor
722,Lindie,Fitzsimmons,Lindie.Fitzsimmons@yopmail.com,Lindie.Fitzsimmons@gmail.com,worker
723,Agnese,Fontana,Agnese.Fontana@yopmail.com,Agnese.Fontana@gmail.com,firefighter
724,Starla,Seessel,Starla.Seessel@yopmail.com,Starla.Seessel@gmail.com,worker
725,Ethel,Garlinda,Ethel.Garlinda@yopmail.com,Ethel.Garlinda@gmail.com,firefighter
726,Bee,Bashemeth,Bee.Bashemeth@yopmail.com,Bee.Bashemeth@gmail.com,police officer
727,Maurene,Marsden,Maurene.Marsden@yopmail.com,Maurene.Marsden@gmail.com,firefighter
728,Marti,Jalbert,Marti.Jalbert@yopmail.com,Marti.Jalbert@gmail.com,police officer
729,Maisey,Louanna,Maisey.Louanna@yopmail.com,Maisey.Louanna@gmail.com,doctor
730,Lenna,Borrell,Lenna.Borrell@yopmail.com,Lenna.Borrell@gmail.com,worker
731,Taffy,Faso,Taffy.Faso@yopmail.com,Taffy.Faso@gmail.com,police officer
732,Norine,Vharat,Norine.Vharat@yopmail.com,Norine.Vharat@gmail.com,doctor
733,Kimmy,Goode,Kimmy.Goode@yopmail.com,Kimmy.Goode@gmail.com,firefighter
734,Heida,Barrus,Heida.Barrus@yopmail.com,Heida.Barrus@gmail.com,worker
735,Daune,Schalles,Daune.Schalles@yopmail.com,Daune.Schalles@gmail.com,developer
736,Bee,Muriel,Bee.Muriel@yopmail.com,Bee.Muriel@gmail.com,worker
737,Nelle,Telfer,Nelle.Telfer@yopmail.com,Nelle.Telfer@gmail.com,worker
738,Andeee,Longfellow,Andeee.Longfellow@yopmail.com,Andeee.Longfellow@gmail.com,firefighter
739,Millie,Ezar,Millie.Ezar@yopmail.com,Millie.Ezar@gmail.com,worker
740,Wynne,Carlson,Wynne.Carlson@yopmail.com,Wynne.Carlson@gmail.com,police officer
741,Cassandra,Lorain,Cassandra.Lorain@yopmail.com,Cassandra.Lorain@gmail.com,firefighter
742,Malina,Loring,Malina.Loring@yopmail.com,Malina.Loring@gmail.com,police officer
743,Ida,Anton,Ida.Anton@yopmail.com,Ida.Anton@gmail.com,developer
744,Rivalee,Melleta,Rivalee.Melleta@yopmail.com,Rivalee.Melleta@gmail.com,police officer
745,Elmira,Gibbeon,Elmira.Gibbeon@yopmail.com,Elmira.Gibbeon@gmail.com,developer
746,Wileen,Kalinda,Wileen.Kalinda@yopmail.com,Wileen.Kalinda@gmail.com,police officer
747,Mellicent,Krystle,Mellicent.Krystle@yopmail.com,Mellicent.Krystle@gmail.com,developer
748,Clementine,Caitlin,Clementine.Caitlin@yopmail.com,Clementine.Caitlin@gmail.com,developer
749,Sibella,Larochelle,Sibella.Larochelle@yopmail.com,Sibella.Larochelle@gmail.com,police officer
750,Jany,Taima,Jany.Taima@yopmail.com,Jany.Taima@gmail.com,police officer
751,Collen,Gunn,Collen.Gunn@yopmail.com,Collen.Gunn@gmail.com,developer
752,Maurene,Telfer,Maurene.Telfer@yopmail.com,Maurene.Telfer@gmail.com,doctor
753,Lucy,Jotham,Lucy.Jotham@yopmail.com,Lucy.Jotham@gmail.com,firefighter
754,Darlleen,Penelopa,Darlleen.Penelopa@yopmail.com,Darlleen.Penelopa@gmail.com,worker
755,Jolyn,Thunell,Jolyn.Thunell@yopmail.com,Jolyn.Thunell@gmail.com,police officer
756,Steffane,Waldron,Steffane.Waldron@yopmail.com,Steffane.Waldron@gmail.com,doctor
757,Paule,Ethban,Paule.Ethban@yopmail.com,Paule.Ethban@gmail.com,developer
758,Paola,Atcliffe,Paola.Atcliffe@yopmail.com,Paola.Atcliffe@gmail.com,firefighter
759,Carly,McClimans,Carly.McClimans@yopmail.com,Carly.McClimans@gmail.com,developer
760,Jackie,Alabaster,Jackie.Alabaster@yopmail.com,Jackie.Alabaster@gmail.com,firefighter
761,Brana,Wilona,Brana.Wilona@yopmail.com,Brana.Wilona@gmail.com,firefighter
762,Celestyna,Gualtiero,Celestyna.Gualtiero@yopmail.com,Celestyna.Gualtiero@gmail.com,doctor
763,Alia,Xerxes,Alia.Xerxes@yopmail.com,Alia.Xerxes@gmail.com,doctor
764,Dorothy,Melleta,Dorothy.Melleta@yopmail.com,Dorothy.Melleta@gmail.com,worker
765,Danika,Ariella,Danika.Ariella@yopmail.com,Danika.Ariella@gmail.com,developer
766,Teriann,Mintz,Teriann.Mintz@yopmail.com,Teriann.Mintz@gmail.com,police officer
767,Barbi,Jagir,Barbi.Jagir@yopmail.com,Barbi.Jagir@gmail.com,police officer
768,Agnese,Milson,Agnese.Milson@yopmail.com,Agnese.Milson@gmail.com,police officer
769,Andeee,Tryck,Andeee.Tryck@yopmail.com,Andeee.Tryck@gmail.com,developer
770,Justinn,Buttaro,Justinn.Buttaro@yopmail.com,Justinn.Buttaro@gmail.com,police officer
771,Nanete,Simmonds,Nanete.Simmonds@yopmail.com,Nanete.Simmonds@gmail.com,firefighter
772,Adelle,Eben,Adelle.Eben@yopmail.com,Adelle.Eben@gmail.com,police officer
773,Rebeca,Weaks,Rebeca.Weaks@yopmail.com,Rebeca.Weaks@gmail.com,developer
774,Lynea,Latini,Lynea.Latini@yopmail.com,Lynea.Latini@gmail.com,doctor
775,Emma,Arne,Emma.Arne@yopmail.com,Emma.Arne@gmail.com,police officer
776,Gertrud,Delila,Gertrud.Delila@yopmail.com,Gertrud.Delila@gmail.com,firefighter
777,Clarice,Colp,Clarice.Colp@yopmail.com,Clarice.Colp@gmail.com,developer
778,Arlena,Kronfeld,Arlena.Kronfeld@yopmail.com,Arlena.Kronfeld@gmail.com,police officer
779,Raina,Billye,Raina.Billye@yopmail.com,Raina.Billye@gmail.com,worker
780,Claresta,Koziara,Claresta.Koziara@yopmail.com,Claresta.Koziara@gmail.com,worker
781,Viki,Shelba,Viki.Shelba@yopmail.com,Viki.Shelba@gmail.com,worker
782,Calla,Madelene,Calla.Madelene@yopmail.com,Calla.Madelene@gmail.com,firefighter
783,Lory,Burkle,Lory.Burkle@yopmail.com,Lory.Burkle@gmail.com,doctor
784,Lolita,Skurnik,Lolita.Skurnik@yopmail.com,Lolita.Skurnik@gmail.com,developer
785,Goldie,Chaing,Goldie.Chaing@yopmail.com,Goldie.Chaing@gmail.com,firefighter
786,Daphne,Pozzy,Daphne.Pozzy@yopmail.com,Daphne.Pozzy@gmail.com,worker
787,Valera,Hoenack,Valera.Hoenack@yopmail.com,Valera.Hoenack@gmail.com,police officer
788,Valli,Salvidor,Valli.Salvidor@yopmail.com,Valli.Salvidor@gmail.com,developer
789,Dari,Cullin,Dari.Cullin@yopmail.com,Dari.Cullin@gmail.com,firefighter
790,Lindie,Raul,Lindie.Raul@yopmail.com,Lindie.Raul@gmail.com,police officer
791,Emylee,Kirstin,Emylee.Kirstin@yopmail.com,Emylee.Kirstin@gmail.com,worker
792,Orelia,Goldina,Orelia.Goldina@yopmail.com,Orelia.Goldina@gmail.com,police officer
793,Keelia,Noelyn,Keelia.Noelyn@yopmail.com,Keelia.Noelyn@gmail.com,developer
794,Shirlee,Selway,Shirlee.Selway@yopmail.com,Shirlee.Selway@gmail.com,worker
795,Nikki,Zrike,Nikki.Zrike@yopmail.com,Nikki.Zrike@gmail.com,developer
796,Elyssa,Vharat,Elyssa.Vharat@yopmail.com,Elyssa.Vharat@gmail.com,worker
797,Shauna,Vernier,Shauna.Vernier@yopmail.com,Shauna.Vernier@gmail.com,doctor
798,Mallory,Randene,Mallory.Randene@yopmail.com,Mallory.Randene@gmail.com,firefighter
799,Zia,Carolin,Zia.Carolin@yopmail.com,Zia.Carolin@gmail.com,worker
800,Janis,Eben,Janis.Eben@yopmail.com,Janis.Eben@gmail.com,firefighter
801,Caressa,Annice,Caressa.Annice@yopmail.com,Caressa.Annice@gmail.com,worker
802,Myriam,Jacobah,Myriam.Jacobah@yopmail.com,Myriam.Jacobah@gmail.com,developer
803,Maisey,Gemini,Maisey.Gemini@yopmail.com,Maisey.Gemini@gmail.com,developer
804,Janeczka,Ricarda,Janeczka.Ricarda@yopmail.com,Janeczka.Ricarda@gmail.com,doctor
805,Maridel,Elo,Maridel.Elo@yopmail.com,Maridel.Elo@gmail.com,doctor
806,Kathy,Sabella,Kathy.Sabella@yopmail.com,Kathy.Sabella@gmail.com,firefighter
807,Kerrin,Herrera,Kerrin.Herrera@yopmail.com,Kerrin.Herrera@gmail.com,developer
808,Elka,Erminia,Elka.Erminia@yopmail.com,Elka.Erminia@gmail.com,worker
809,Tatiania,Ax,Tatiania.Ax@yopmail.com,Tatiania.Ax@gmail.com,developer
810,Minne,Thomasina,Minne.Thomasina@yopmail.com,Minne.Thomasina@gmail.com,police officer
811,Norine,Amasa,Norine.Amasa@yopmail.com,Norine.Amasa@gmail.com,police officer
812,Elise,Letsou,Elise.Letsou@yopmail.com,Elise.Letsou@gmail.com,police officer
813,Aryn,Margarete,Aryn.Margarete@yopmail.com,Aryn.Margarete@gmail.com,doctor
814,Cyb,Mitzi,Cyb.Mitzi@yopmail.com,Cyb.Mitzi@gmail.com,firefighter
815,Daune,O'Rourke,Daune.O'Rourke@yopmail.com,Daune.O'Rourke@gmail.com,developer
816,Coral,Hylan,Coral.Hylan@yopmail.com,Coral.Hylan@gmail.com,doctor
817,Rayna,Quent,Rayna.Quent@yopmail.com,Rayna.Quent@gmail.com,police officer
818,Roseline,Hashim,Roseline.Hashim@yopmail.com,Roseline.Hashim@gmail.com,developer
819,Kore,Hewitt,Kore.Hewitt@yopmail.com,Kore.Hewitt@gmail.com,worker
820,Melanie,Linskey,Melanie.Linskey@yopmail.com,Melanie.Linskey@gmail.com,firefighter
821,Sherrie,Niles,Sherrie.Niles@yopmail.com,Sherrie.Niles@gmail.com,doctor
822,Eadie,Danby,Eadie.Danby@yopmail.com,Eadie.Danby@gmail.com,worker
823,Silvana,Berl,Silvana.Berl@yopmail.com,Silvana.Berl@gmail.com,developer
824,Kenna,Parette,Kenna.Parette@yopmail.com,Kenna.Parette@gmail.com,police officer
825,Odessa,Ovid,Odessa.Ovid@yopmail.com,Odessa.Ovid@gmail.com,doctor
826,Drucie,Henebry,Drucie.Henebry@yopmail.com,Drucie.Henebry@gmail.com,firefighter
827,Helsa,Ovid,Helsa.Ovid@yopmail.com,Helsa.Ovid@gmail.com,doctor
828,Claresta,Tamsky,Claresta.Tamsky@yopmail.com,Claresta.Tamsky@gmail.com,firefighter
829,Jacenta,Boehike,Jacenta.Boehike@yopmail.com,Jacenta.Boehike@gmail.com,police officer
830,Babita,Alcott,Babita.Alcott@yopmail.com,Babita.Alcott@gmail.com,developer
831,Estell,Cristi,Estell.Cristi@yopmail.com,Estell.Cristi@gmail.com,worker
832,Lorenza,Loeb,Lorenza.Loeb@yopmail.com,Lorenza.Loeb@gmail.com,firefighter
833,Amalie,Fry,Amalie.Fry@yopmail.com,Amalie.Fry@gmail.com,police officer
834,Lauryn,Corrine,Lauryn.Corrine@yopmail.com,Lauryn.Corrine@gmail.com,doctor
835,Mara,Astra,Mara.Astra@yopmail.com,Mara.Astra@gmail.com,doctor
836,Betta,Malvino,Betta.Malvino@yopmail.com,Betta.Malvino@gmail.com,firefighter
837,Janis,Caitlin,Janis.Caitlin@yopmail.com,Janis.Caitlin@gmail.com,police officer
838,Brandise,Ilka,Brandise.Ilka@yopmail.com,Brandise.Ilka@gmail.com,developer
839,Wynne,Ambrosia,Wynne.Ambrosia@yopmail.com,Wynne.Ambrosia@gmail.com,firefighter
840,Beth,Ilka,Beth.Ilka@yopmail.com,Beth.Ilka@gmail.com,developer
841,Dulcinea,Dreda,Dulcinea.Dreda@yopmail.com,Dulcinea.Dreda@gmail.com,developer
842,Nanete,Merell,Nanete.Merell@yopmail.com,Nanete.Merell@gmail.com,firefighter
843,Fernande,Whittaker,Fernande.Whittaker@yopmail.com,Fernande.Whittaker@gmail.com,firefighter
844,Kylynn,Voletta,Kylynn.Voletta@yopmail.com,Kylynn.Voletta@gmail.com,worker
845,Pearline,Wattenberg,Pearline.Wattenberg@yopmail.com,Pearline.Wattenberg@gmail.com,firefighter
846,Nickie,Even,Nickie.Even@yopmail.com,Nickie.Even@gmail.com,firefighter
847,Blake,Dom,Blake.Dom@yopmail.com,Blake.Dom@gmail.com,police officer
848,Maridel,Darbie,Maridel.Darbie@yopmail.com,Maridel.Darbie@gmail.com,police officer
849,Sheree,Brotherson,Sheree.Brotherson@yopmail.com,Sheree.Brotherson@gmail.com,worker
850,Sheelagh,Wadell,Sheelagh.Wadell@yopmail.com,Sheelagh.Wadell@gmail.com,doctor
851,Judy,Fleeta,Judy.Fleeta@yopmail.com,Judy.Fleeta@gmail.com,worker
852,Tina,Melan,Tina.Melan@yopmail.com,Tina.Melan@gmail.com,developer
853,Claudina,Frendel,Claudina.Frendel@yopmail.com,Claudina.Frendel@gmail.com,developer
854,Lindie,Chinua,Lindie.Chinua@yopmail.com,Lindie.Chinua@gmail.com,doctor
855,Brietta,Rustice,Brietta.Rustice@yopmail.com,Brietta.Rustice@gmail.com,police officer
856,Rebeca,Silvan,Rebeca.Silvan@yopmail.com,Rebeca.Silvan@gmail.com,worker
857,Pamella,Robertson,Pamella.Robertson@yopmail.com,Pamella.Robertson@gmail.com,police officer
858,Rosaline,Dahlia,Rosaline.Dahlia@yopmail.com,Rosaline.Dahlia@gmail.com,police officer
859,Asia,Firmin,Asia.Firmin@yopmail.com,Asia.Firmin@gmail.com,worker
860,Leontine,Ammann,Leontine.Ammann@yopmail.com,Leontine.Ammann@gmail.com,firefighter
861,Gale,Carolin,Gale.Carolin@yopmail.com,Gale.Carolin@gmail.com,doctor
862,Brandise,Nester,Brandise.Nester@yopmail.com,Brandise.Nester@gmail.com,worker
863,Hyacinthe,Kenwood,Hyacinthe.Kenwood@yopmail.com,Hyacinthe.Kenwood@gmail.com,firefighter
864,Candy,Ardra,Candy.Ardra@yopmail.com,Candy.Ardra@gmail.com,developer
865,Chastity,Saunderson,Chastity.Saunderson@yopmail.com,Chastity.Saunderson@gmail.com,police officer
866,Alameda,Felecia,Alameda.Felecia@yopmail.com,Alameda.Felecia@gmail.com,doctor
867,Kimberley,Katrine,Kimberley.Katrine@yopmail.com,Kimberley.Katrine@gmail.com,developer
868,Kore,Wandie,Kore.Wandie@yopmail.com,Kore.Wandie@gmail.com,worker
869,Meriel,Evangelia,Meriel.Evangelia@yopmail.com,Meriel.Evangelia@gmail.com,doctor
870,Rozele,Salvidor,Rozele.Salvidor@yopmail.com,Rozele.Salvidor@gmail.com,developer
871,Ann-Marie,Gordon,Ann-Marie.Gordon@yopmail.com,Ann-Marie.Gordon@gmail.com,firefighter
872,Farrah,Cutlerr,Farrah.Cutlerr@yopmail.com,Farrah.Cutlerr@gmail.com,police officer
873,Tracey,Pettiford,Tracey.Pettiford@yopmail.com,Tracey.Pettiford@gmail.com,doctor
874,Gavrielle,Winthorpe,Gavrielle.Winthorpe@yopmail.com,Gavrielle.Winthorpe@gmail.com,doctor
875,Kary,Kimmie,Kary.Kimmie@yopmail.com,Kary.Kimmie@gmail.com,firefighter
876,Netty,Willie,Netty.Willie@yopmail.com,Netty.Willie@gmail.com,doctor
877,Janeczka,Lorain,Janeczka.Lorain@yopmail.com,Janeczka.Lorain@gmail.com,worker
878,Jillayne,Rolf,Jillayne.Rolf@yopmail.com,Jillayne.Rolf@gmail.com,developer
879,Drucie,Charity,Drucie.Charity@yopmail.com,Drucie.Charity@gmail.com,doctor
880,Cristabel,Elvyn,Cristabel.Elvyn@yopmail.com,Cristabel.Elvyn@gmail.com,police officer
881,Chastity,Lunsford,Chastity.Lunsford@yopmail.com,Chastity.Lunsford@gmail.com,doctor
882,Emma,Dawkins,Emma.Dawkins@yopmail.com,Emma.Dawkins@gmail.com,doctor
883,Lexine,Helve,Lexine.Helve@yopmail.com,Lexine.Helve@gmail.com,developer
884,Viviene,Daveta,Viviene.Daveta@yopmail.com,Viviene.Daveta@gmail.com,firefighter
885,Basia,Travax,Basia.Travax@yopmail.com,Basia.Travax@gmail.com,firefighter
886,Roseline,Kare,Roseline.Kare@yopmail.com,Roseline.Kare@gmail.com,police officer
887,Carolina,Tristram,Carolina.Tristram@yopmail.com,Carolina.Tristram@gmail.com,worker
888,Caryl,Bryna,Caryl.Bryna@yopmail.com,Caryl.Bryna@gmail.com,firefighter
889,Kassey,Jary,Kassey.Jary@yopmail.com,Kassey.Jary@gmail.com,police officer
890,Netty,Salchunas,Netty.Salchunas@yopmail.com,Netty.Salchunas@gmail.com,worker
891,Kayla,Sothena,Kayla.Sothena@yopmail.com,Kayla.Sothena@gmail.com,police officer
892,Willetta,Standing,Willetta.Standing@yopmail.com,Willetta.Standing@gmail.com,firefighter
893,Tilly,Luhe,Tilly.Luhe@yopmail.com,Tilly.Luhe@gmail.com,police officer
894,Tamqrah,Oster,Tamqrah.Oster@yopmail.com,Tamqrah.Oster@gmail.com,police officer
895,Sidoney,Phi,Sidoney.Phi@yopmail.com,Sidoney.Phi@gmail.com,police officer
896,Gilda,Bronk,Gilda.Bronk@yopmail.com,Gilda.Bronk@gmail.com,developer
897,Kate,Hanleigh,Kate.Hanleigh@yopmail.com,Kate.Hanleigh@gmail.com,doctor
898,Janey,Manolo,Janey.Manolo@yopmail.com,Janey.Manolo@gmail.com,police officer
899,Di,Kunin,Di.Kunin@yopmail.com,Di.Kunin@gmail.com,worker
900,Kelly,Edmund,Kelly.Edmund@yopmail.com,Kelly.Edmund@gmail.com,worker
901,Gabi,Ummersen,Gabi.Ummersen@yopmail.com,Gabi.Ummersen@gmail.com,police officer
902,Shannah,Sidonius,Shannah.Sidonius@yopmail.com,Shannah.Sidonius@gmail.com,worker
903,Petronia,Olin,Petronia.Olin@yopmail.com,Petronia.Olin@gmail.com,police officer
904,Jasmina,Latini,Jasmina.Latini@yopmail.com,Jasmina.Latini@gmail.com,developer
905,Beth,Eckblad,Beth.Eckblad@yopmail.com,Beth.Eckblad@gmail.com,doctor
906,Ashlee,Stilwell,Ashlee.Stilwell@yopmail.com,Ashlee.Stilwell@gmail.com,police officer
907,Heida,Rolf,Heida.Rolf@yopmail.com,Heida.Rolf@gmail.com,developer
908,Debee,Latini,Debee.Latini@yopmail.com,Debee.Latini@gmail.com,police officer
909,Lusa,Syd,Lusa.Syd@yopmail.com,Lusa.Syd@gmail.com,developer
910,Flo,Haerr,Flo.Haerr@yopmail.com,Flo.Haerr@gmail.com,developer
911,Elka,Jenness,Elka.Jenness@yopmail.com,Elka.Jenness@gmail.com,worker
912,Meriel,Ruvolo,Meriel.Ruvolo@yopmail.com,Meriel.Ruvolo@gmail.com,developer
913,Coral,Klemperer,Coral.Klemperer@yopmail.com,Coral.Klemperer@gmail.com,police officer
914,Kittie,Cassius,Kittie.Cassius@yopmail.com,Kittie.Cassius@gmail.com,firefighter
915,Fina,Euridice,Fina.Euridice@yopmail.com,Fina.Euridice@gmail.com,developer
916,Aryn,Frendel,Aryn.Frendel@yopmail.com,Aryn.Frendel@gmail.com,worker
917,Judy,Sophronia,Judy.Sophronia@yopmail.com,Judy.Sophronia@gmail.com,worker
918,Linzy,Lowry,Linzy.Lowry@yopmail.com,Linzy.Lowry@gmail.com,developer
919,Chastity,Remmer,Chastity.Remmer@yopmail.com,Chastity.Remmer@gmail.com,worker
920,Edith,Vharat,Edith.Vharat@yopmail.com,Edith.Vharat@gmail.com,worker
921,Ida,Berriman,Ida.Berriman@yopmail.com,Ida.Berriman@gmail.com,firefighter
922,Bertine,Pettiford,Bertine.Pettiford@yopmail.com,Bertine.Pettiford@gmail.com,firefighter
923,Tersina,Aida,Tersina.Aida@yopmail.com,Tersina.Aida@gmail.com,doctor
924,Berget,Israeli,Berget.Israeli@yopmail.com,Berget.Israeli@gmail.com,firefighter
925,Pearline,Leler,Pearline.Leler@yopmail.com,Pearline.Leler@gmail.com,developer
926,Raf,Seessel,Raf.Seessel@yopmail.com,Raf.Seessel@gmail.com,police officer
927,Renae,Amadas,Renae.Amadas@yopmail.com,Renae.Amadas@gmail.com,developer
928,Roz,Palocz,Roz.Palocz@yopmail.com,Roz.Palocz@gmail.com,worker
929,Debee,Diogenes,Debee.Diogenes@yopmail.com,Debee.Diogenes@gmail.com,police officer
930,Max,Newell,Max.Newell@yopmail.com,Max.Newell@gmail.com,firefighter
931,Joy,Daegal,Joy.Daegal@yopmail.com,Joy.Daegal@gmail.com,worker
932,Rivalee,Lory,Rivalee.Lory@yopmail.com,Rivalee.Lory@gmail.com,developer
933,Deane,Hanleigh,Deane.Hanleigh@yopmail.com,Deane.Hanleigh@gmail.com,developer
934,Gloria,Latini,Gloria.Latini@yopmail.com,Gloria.Latini@gmail.com,doctor
935,Amara,An,Amara.An@yopmail.com,Amara.An@gmail.com,police officer
936,Gretal,Glovsky,Gretal.Glovsky@yopmail.com,Gretal.Glovsky@gmail.com,developer
937,Joane,Bethany,Joane.Bethany@yopmail.com,Joane.Bethany@gmail.com,developer
938,Julieta,Tamsky,Julieta.Tamsky@yopmail.com,Julieta.Tamsky@gmail.com,firefighter
939,Susette,Damarra,Susette.Damarra@yopmail.com,Susette.Damarra@gmail.com,developer
940,Maurene,Winnick,Maurene.Winnick@yopmail.com,Maurene.Winnick@gmail.com,doctor
941,Ericka,Lauraine,Ericka.Lauraine@yopmail.com,Ericka.Lauraine@gmail.com,developer
942,Gratia,Tound,Gratia.Tound@yopmail.com,Gratia.Tound@gmail.com,firefighter
943,Shell,Seagraves,Shell.Seagraves@yopmail.com,Shell.Seagraves@gmail.com,police officer
944,Amelia,Hutchison,Amelia.Hutchison@yopmail.com,Amelia.Hutchison@gmail.com,worker
945,Annora,Jerald,Annora.Jerald@yopmail.com,Annora.Jerald@gmail.com,firefighter
946,Belva,Yorick,Belva.Yorick@yopmail.com,Belva.Yorick@gmail.com,worker
947,Marjie,Garrison,Marjie.Garrison@yopmail.com,Marjie.Garrison@gmail.com,police officer
948,Jean,Marcellus,Jean.Marcellus@yopmail.com,Jean.Marcellus@gmail.com,worker
949,Annabela,Claudine,Annabela.Claudine@yopmail.com,Annabela.Claudine@gmail.com,police officer
950,Donnie,Sabella,Donnie.Sabella@yopmail.com,Donnie.Sabella@gmail.com,police officer
951,Caressa,Burkle,Caressa.Burkle@yopmail.com,Caressa.Burkle@gmail.com,doctor
952,Paule,Ochs,Paule.Ochs@yopmail.com,Paule.Ochs@gmail.com,police officer
953,Luci,Hepsibah,Luci.Hepsibah@yopmail.com,Luci.Hepsibah@gmail.com,police officer
954,Sophia,Septima,Sophia.Septima@yopmail.com,Sophia.Septima@gmail.com,police officer
955,Vere,Hurley,Vere.Hurley@yopmail.com,Vere.Hurley@gmail.com,developer
956,Harrietta,Waite,Harrietta.Waite@yopmail.com,Harrietta.Waite@gmail.com,firefighter
957,Taffy,Millda,Taffy.Millda@yopmail.com,Taffy.Millda@gmail.com,firefighter
958,Meghann,Gladstone,Meghann.Gladstone@yopmail.com,Meghann.Gladstone@gmail.com,worker
959,Halette,Ferino,Halette.Ferino@yopmail.com,Halette.Ferino@gmail.com,doctor
960,Margarette,Callista,Margarette.Callista@yopmail.com,Margarette.Callista@gmail.com,doctor
961,Barbi,Schwejda,Barbi.Schwejda@yopmail.com,Barbi.Schwejda@gmail.com,worker
962,Shel,Hamil,Shel.Hamil@yopmail.com,Shel.Hamil@gmail.com,police officer
963,Lulita,Larochelle,Lulita.Larochelle@yopmail.com,Lulita.Larochelle@gmail.com,developer
964,Maisey,Milson,Maisey.Milson@yopmail.com,Maisey.Milson@gmail.com,firefighter
965,Alexine,Mitzi,Alexine.Mitzi@yopmail.com,Alexine.Mitzi@gmail.com,worker
966,Morganica,Armanda,Morganica.Armanda@yopmail.com,Morganica.Armanda@gmail.com,doctor
967,Josephine,Noman,Josephine.Noman@yopmail.com,Josephine.Noman@gmail.com,developer
968,Tatiania,Jillane,Tatiania.Jillane@yopmail.com,Tatiania.Jillane@gmail.com,worker
969,Dorene,Lynn,Dorene.Lynn@yopmail.com,Dorene.Lynn@gmail.com,doctor
970,Aurore,Lytton,Aurore.Lytton@yopmail.com,Aurore.Lytton@gmail.com,firefighter
971,Minne,Poppy,Minne.Poppy@yopmail.com,Minne.Poppy@gmail.com,worker
972,Bobbi,Ferino,Bobbi.Ferino@yopmail.com,Bobbi.Ferino@gmail.com,worker
973,Danika,Sparhawk,Danika.Sparhawk@yopmail.com,Danika.Sparhawk@gmail.com,worker
974,Kayla,Earlie,Kayla.Earlie@yopmail.com,Kayla.Earlie@gmail.com,worker
975,Sonni,Mauer,Sonni.Mauer@yopmail.com,Sonni.Mauer@gmail.com,developer
976,Mildrid,Karylin,Mildrid.Karylin@yopmail.com,Mildrid.Karylin@gmail.com,police officer
977,Harmonia,Honoria,Harmonia.Honoria@yopmail.com,Harmonia.Honoria@gmail.com,police officer
978,Julieta,Hieronymus,Julieta.Hieronymus@yopmail.com,Julieta.Hieronymus@gmail.com,police officer
979,Alia,Honoria,Alia.Honoria@yopmail.com,Alia.Honoria@gmail.com,firefighter
980,Randa,Pierette,Randa.Pierette@yopmail.com,Randa.Pierette@gmail.com,worker
981,Chloris,Drus,Chloris.Drus@yopmail.com,Chloris.Drus@gmail.com,firefighter
982,Lynde,Anis,Lynde.Anis@yopmail.com,Lynde.Anis@gmail.com,police officer
983,Justinn,Lumbard,Justinn.Lumbard@yopmail.com,Justinn.Lumbard@gmail.com,police officer
984,Estell,Publia,Estell.Publia@yopmail.com,Estell.Publia@gmail.com,firefighter
985,Diena,Ries,Diena.Ries@yopmail.com,Diena.Ries@gmail.com,doctor
986,Petronia,Firmin,Petronia.Firmin@yopmail.com,Petronia.Firmin@gmail.com,firefighter
987,Sara-Ann,Delp,Sara-Ann.Delp@yopmail.com,Sara-Ann.Delp@gmail.com,developer
988,Evita,Kendrick,Evita.Kendrick@yopmail.com,Evita.Kendrick@gmail.com,developer
989,Clo,Roxanna,Clo.Roxanna@yopmail.com,Clo.Roxanna@gmail.com,firefighter
990,Dania,McLaughlin,Dania.McLaughlin@yopmail.com,Dania.McLaughlin@gmail.com,firefighter
991,Cyndie,Tristram,Cyndie.Tristram@yopmail.com,Cyndie.Tristram@gmail.com,doctor
992,Gabi,Roarke,Gabi.Roarke@yopmail.com,Gabi.Roarke@gmail.com,developer
993,Cristabel,Cristi,Cristabel.Cristi@yopmail.com,Cristabel.Cristi@gmail.com,worker
994,Marline,Larochelle,Marline.Larochelle@yopmail.com,Marline.Larochelle@gmail.com,police officer
995,Daphne,Zamora,Daphne.Zamora@yopmail.com,Daphne.Zamora@gmail.com,developer
996,Dulce,Ulphia,Dulce.Ulphia@yopmail.com,Dulce.Ulphia@gmail.com,worker
997,Maryellen,Schlosser,Maryellen.Schlosser@yopmail.com,Maryellen.Schlosser@gmail.com,worker
998,Eolanda,Kosey,Eolanda.Kosey@yopmail.com,Eolanda.Kosey@gmail.com,doctor
999,Agnese,Thornburg,Agnese.Thornburg@yopmail.com,Agnese.Thornburg@gmail.com,firefighter
1000,Kristina,Hanshaw,Kristina.Hanshaw@yopmail.com,Kristina.Hanshaw@gmail.com,police officer
1001,Constance,Linskey,Constance.Linskey@yopmail.com,Constance.Linskey@gmail.com,doctor
1002,Di,Ammann,Di.Ammann@yopmail.com,Di.Ammann@gmail.com,doctor
1003,Dianemarie,Cordi,Dianemarie.Cordi@yopmail.com,Dianemarie.Cordi@gmail.com,worker
1004,Trudie,Kellby,Trudie.Kellby@yopmail.com,Trudie.Kellby@gmail.com,doctor
1005,Raquela,Zamora,Raquela.Zamora@yopmail.com,Raquela.Zamora@gmail.com,doctor
1006,Jessamyn,Eldrid,Jessamyn.Eldrid@yopmail.com,Jessamyn.Eldrid@gmail.com,worker
1007,Andeee,Roumell,Andeee.Roumell@yopmail.com,Andeee.Roumell@gmail.com,doctor
1008,Catharine,Jess,Catharine.Jess@yopmail.com,Catharine.Jess@gmail.com,police officer
1009,Gavrielle,Nicoline,Gavrielle.Nicoline@yopmail.com,Gavrielle.Nicoline@gmail.com,developer
1010,Codie,Ricki,Codie.Ricki@yopmail.com,Codie.Ricki@gmail.com,doctor
1011,Celestyna,Reinke,Celestyna.Reinke@yopmail.com,Celestyna.Reinke@gmail.com,police officer
1012,Yetty,Stefa,Yetty.Stefa@yopmail.com,Yetty.Stefa@gmail.com,police officer
1013,Vita,Graig,Vita.Graig@yopmail.com,Vita.Graig@gmail.com,doctor
1014,Sybille,Carey,Sybille.Carey@yopmail.com,Sybille.Carey@gmail.com,firefighter
1015,Binny,Franza,Binny.Franza@yopmail.com,Binny.Franza@gmail.com,worker
1016,Reeba,Cutlerr,Reeba.Cutlerr@yopmail.com,Reeba.Cutlerr@gmail.com,firefighter
1017,Nariko,Jacqui,Nariko.Jacqui@yopmail.com,Nariko.Jacqui@gmail.com,police officer
1018,Mureil,Caitlin,Mureil.Caitlin@yopmail.com,Mureil.Caitlin@gmail.com,worker
1019,Jessamyn,Ursulette,Jessamyn.Ursulette@yopmail.com,Jessamyn.Ursulette@gmail.com,worker
1020,Dania,Kenwood,Dania.Kenwood@yopmail.com,Dania.Kenwood@gmail.com,worker
1021,Cyb,Nester,Cyb.Nester@yopmail.com,Cyb.Nester@gmail.com,developer
1022,Petronia,Dearborn,Petronia.Dearborn@yopmail.com,Petronia.Dearborn@gmail.com,worker
1023,Starla,Xerxes,Starla.Xerxes@yopmail.com,Starla.Xerxes@gmail.com,firefighter
1024,Stacey,Borrell,Stacey.Borrell@yopmail.com,Stacey.Borrell@gmail.com,doctor
1025,Cassandra,Ummersen,Cassandra.Ummersen@yopmail.com,Cassandra.Ummersen@gmail.com,firefighter
1026,Nariko,Eldrid,Nariko.Eldrid@yopmail.com,Nariko.Eldrid@gmail.com,developer
1027,Viki,Zenas,Viki.Zenas@yopmail.com,Viki.Zenas@gmail.com,firefighter
1028,Nanete,Cavan,Nanete.Cavan@yopmail.com,Nanete.Cavan@gmail.com,developer
1029,Cam,Zachary,Cam.Zachary@yopmail.com,Cam.Zachary@gmail.com,doctor
1030,Madalyn,Wilkinson,Madalyn.Wilkinson@yopmail.com,Madalyn.Wilkinson@gmail.com,firefighter
1031,Micheline,Ilka,Micheline.Ilka@yopmail.com,Micheline.Ilka@gmail.com,doctor
1032,Alisha,Juan,Alisha.Juan@yopmail.com,Alisha.Juan@gmail.com,police officer
1033,Romona,Artie,Romona.Artie@yopmail.com,Romona.Artie@gmail.com,worker
1034,Lita,Ries,Lita.Ries@yopmail.com,Lita.Ries@gmail.com,worker
1035,Thalia,Maxi,Thalia.Maxi@yopmail.com,Thalia.Maxi@gmail.com,police officer
1036,Shaine,Lay,Shaine.Lay@yopmail.com,Shaine.Lay@gmail.com,worker
1037,Tierney,Bigner,Tierney.Bigner@yopmail.com,Tierney.Bigner@gmail.com,developer
1038,Emelina,Cleo,Emelina.Cleo@yopmail.com,Emelina.Cleo@gmail.com,developer
1039,Pearline,O'Neill,Pearline.O'Neill@yopmail.com,Pearline.O'Neill@gmail.com,firefighter
1040,Neila,Bari,Neila.Bari@yopmail.com,Neila.Bari@gmail.com,developer
1041,Kirbee,Publia,Kirbee.Publia@yopmail.com,Kirbee.Publia@gmail.com,doctor
1042,Elka,Mintz,Elka.Mintz@yopmail.com,Elka.Mintz@gmail.com,developer
1043,Marti,Hartnett,Marti.Hartnett@yopmail.com,Marti.Hartnett@gmail.com,developer
1044,Dennie,Zitvaa,Dennie.Zitvaa@yopmail.com,Dennie.Zitvaa@gmail.com,police officer
1045,Ashlee,Schwejda,Ashlee.Schwejda@yopmail.com,Ashlee.Schwejda@gmail.com,developer
1046,Charissa,Abbot,Charissa.Abbot@yopmail.com,Charissa.Abbot@gmail.com,doctor
1047,Oralee,Anastatius,Oralee.Anastatius@yopmail.com,Oralee.Anastatius@gmail.com,worker
1048,Lila,Capello,Lila.Capello@yopmail.com,Lila.Capello@gmail.com,developer
1049,Bettine,Juan,Bettine.Juan@yopmail.com,Bettine.Juan@gmail.com,firefighter
1050,Nessie,Monaco,Nessie.Monaco@yopmail.com,Nessie.Monaco@gmail.com,developer
1051,Lisette,Oriana,Lisette.Oriana@yopmail.com,Lisette.Oriana@gmail.com,worker
1052,Daphne,Hartnett,Daphne.Hartnett@yopmail.com,Daphne.Hartnett@gmail.com,worker
1053,Leontine,Hailee,Leontine.Hailee@yopmail.com,Leontine.Hailee@gmail.com,firefighter
1054,Layla,Fink,Layla.Fink@yopmail.com,Layla.Fink@gmail.com,developer
1055,Gusty,Madaih,Gusty.Madaih@yopmail.com,Gusty.Madaih@gmail.com,worker
1056,Daphne,Ardeha,Daphne.Ardeha@yopmail.com,Daphne.Ardeha@gmail.com,worker
1057,Kayla,Merriott,Kayla.Merriott@yopmail.com,Kayla.Merriott@gmail.com,doctor
1058,Lindie,Lucienne,Lindie.Lucienne@yopmail.com,Lindie.Lucienne@gmail.com,doctor
1059,Carmela,Lissi,Carmela.Lissi@yopmail.com,Carmela.Lissi@gmail.com,police officer
1060,Sadie,Camden,Sadie.Camden@yopmail.com,Sadie.Camden@gmail.com,police officer
1061,Cathyleen,Fairweather,Cathyleen.Fairweather@yopmail.com,Cathyleen.Fairweather@gmail.com,developer
1062,Sam,Iphlgenia,Sam.Iphlgenia@yopmail.com,Sam.Iphlgenia@gmail.com,worker
1063,Tonia,Bebe,Tonia.Bebe@yopmail.com,Tonia.Bebe@gmail.com,doctor
1064,Jasmina,Sabella,Jasmina.Sabella@yopmail.com,Jasmina.Sabella@gmail.com,doctor
1065,Cam,McClimans,Cam.McClimans@yopmail.com,Cam.McClimans@gmail.com,firefighter
1066,Frank,Emerson,Frank.Emerson@yopmail.com,Frank.Emerson@gmail.com,police officer
1067,Kassey,Juliet,Kassey.Juliet@yopmail.com,Kassey.Juliet@gmail.com,police officer
1068,Deloria,Ellerey,Deloria.Ellerey@yopmail.com,Deloria.Ellerey@gmail.com,doctor
1069,Oona,Lindemann,Oona.Lindemann@yopmail.com,Oona.Lindemann@gmail.com,police officer
1070,Beth,Kare,Beth.Kare@yopmail.com,Beth.Kare@gmail.com,police officer
1071,Yvonne,Fink,Yvonne.Fink@yopmail.com,Yvonne.Fink@gmail.com,developer
1072,Katuscha,Clie,Katuscha.Clie@yopmail.com,Katuscha.Clie@gmail.com,developer
1073,Lucy,Ulphia,Lucy.Ulphia@yopmail.com,Lucy.Ulphia@gmail.com,developer
1074,Norine,Brenn,Norine.Brenn@yopmail.com,Norine.Brenn@gmail.com,developer
1075,Sissy,Cottle,Sissy.Cottle@yopmail.com,Sissy.Cottle@gmail.com,police officer
1076,Arabel,Naashom,Arabel.Naashom@yopmail.com,Arabel.Naashom@gmail.com,worker
1077,Eve,Zola,Eve.Zola@yopmail.com,Eve.Zola@gmail.com,developer
1078,Barbara,Kenney,Barbara.Kenney@yopmail.com,Barbara.Kenney@gmail.com,police officer
1079,Di,Fennessy,Di.Fennessy@yopmail.com,Di.Fennessy@gmail.com,police officer
1080,Brana,Wareing,Brana.Wareing@yopmail.com,Brana.Wareing@gmail.com,developer
1081,Giustina,Gaynor,Giustina.Gaynor@yopmail.com,Giustina.Gaynor@gmail.com,doctor
1082,Ketti,Alabaster,Ketti.Alabaster@yopmail.com,Ketti.Alabaster@gmail.com,firefighter
1083,Pierette,Jess,Pierette.Jess@yopmail.com,Pierette.Jess@gmail.com,worker
1084,Justinn,Sibyls,Justinn.Sibyls@yopmail.com,Justinn.Sibyls@gmail.com,police officer
1085,Emilia,Penelopa,Emilia.Penelopa@yopmail.com,Emilia.Penelopa@gmail.com,doctor
1086,Tersina,Burch,Tersina.Burch@yopmail.com,Tersina.Burch@gmail.com,developer
1087,Shandie,Emmaline,Shandie.Emmaline@yopmail.com,Shandie.Emmaline@gmail.com,doctor
1088,Aurore,Susannah,Aurore.Susannah@yopmail.com,Aurore.Susannah@gmail.com,developer
1089,Rivalee,Couture,Rivalee.Couture@yopmail.com,Rivalee.Couture@gmail.com,developer
1090,Kimberley,Graig,Kimberley.Graig@yopmail.com,Kimberley.Graig@gmail.com,doctor
1091,Karolina,Auberbach,Karolina.Auberbach@yopmail.com,Karolina.Auberbach@gmail.com,police officer
1092,Clarice,Juliet,Clarice.Juliet@yopmail.com,Clarice.Juliet@gmail.com,worker
1093,Sadie,Macey,Sadie.Macey@yopmail.com,Sadie.Macey@gmail.com,developer
1094,Elise,Gilmour,Elise.Gilmour@yopmail.com,Elise.Gilmour@gmail.com,worker
1095,Zia,Rosemary,Zia.Rosemary@yopmail.com,Zia.Rosemary@gmail.com,police officer
1096,Deloria,Carlson,Deloria.Carlson@yopmail.com,Deloria.Carlson@gmail.com,worker
1097,Catharine,Urias,Catharine.Urias@yopmail.com,Catharine.Urias@gmail.com,developer
1098,Genevra,Tufts,Genevra.Tufts@yopmail.com,Genevra.Tufts@gmail.com,police officer
1099,Ricky,Hamil,Ricky.Hamil@yopmail.com,Ricky.Hamil@gmail.com,firefighter
1100,Barbi,Wenda,Barbi.Wenda@yopmail.com,Barbi.Wenda@gmail.com,doctor
1101,Jennica,Cristi,Jennica.Cristi@yopmail.com,Jennica.Cristi@gmail.com,police officer
1102,Dolli,Wilkinson,Dolli.Wilkinson@yopmail.com,Dolli.Wilkinson@gmail.com,police officer
1103,Tera,Schwejda,Tera.Schwejda@yopmail.com,Tera.Schwejda@gmail.com,doctor
1104,Layla,Philoo,Layla.Philoo@yopmail.com,Layla.Philoo@gmail.com,worker
1105,Yetty,Nikaniki,Yetty.Nikaniki@yopmail.com,Yetty.Nikaniki@gmail.com,worker
1106,Kerrin,Morrill,Kerrin.Morrill@yopmail.com,Kerrin.Morrill@gmail.com,developer
1107,Kamilah,Candy,Kamilah.Candy@yopmail.com,Kamilah.Candy@gmail.com,police officer
1108,Arlena,Nadia,Arlena.Nadia@yopmail.com,Arlena.Nadia@gmail.com,doctor
1109,Sarette,Mullane,Sarette.Mullane@yopmail.com,Sarette.Mullane@gmail.com,developer
1110,Jan,Havens,Jan.Havens@yopmail.com,Jan.Havens@gmail.com,doctor
1111,Misha,Ranjiv,Misha.Ranjiv@yopmail.com,Misha.Ranjiv@gmail.com,police officer
1112,Louella,Nester,Louella.Nester@yopmail.com,Louella.Nester@gmail.com,firefighter
1113,Lusa,Seligman,Lusa.Seligman@yopmail.com,Lusa.Seligman@gmail.com,police officer
1114,Addia,Briney,Addia.Briney@yopmail.com,Addia.Briney@gmail.com,developer
1115,Christal,Niccolo,Christal.Niccolo@yopmail.com,Christal.Niccolo@gmail.com,doctor
1116,Sue,Ogren,Sue.Ogren@yopmail.com,Sue.Ogren@gmail.com,firefighter
1117,Michaelina,Linehan,Michaelina.Linehan@yopmail.com,Michaelina.Linehan@gmail.com,firefighter
1118,Lauryn,Havens,Lauryn.Havens@yopmail.com,Lauryn.Havens@gmail.com,firefighter
1119,Ida,Garek,Ida.Garek@yopmail.com,Ida.Garek@gmail.com,worker
1120,Dari,Heisel,Dari.Heisel@yopmail.com,Dari.Heisel@gmail.com,developer
1121,Dawn,Dermott,Dawn.Dermott@yopmail.com,Dawn.Dermott@gmail.com,doctor
1122,Gerianna,Barrus,Gerianna.Barrus@yopmail.com,Gerianna.Barrus@gmail.com,police officer
1123,Iseabal,Maroney,Iseabal.Maroney@yopmail.com,Iseabal.Maroney@gmail.com,firefighter
1124,Tabbatha,Behre,Tabbatha.Behre@yopmail.com,Tabbatha.Behre@gmail.com,worker
1125,Kaia,Angelis,Kaia.Angelis@yopmail.com,Kaia.Angelis@gmail.com,developer
1126,Raquela,Markman,Raquela.Markman@yopmail.com,Raquela.Markman@gmail.com,developer
1127,Tami,Presber,Tami.Presber@yopmail.com,Tami.Presber@gmail.com,developer
1128,Emma,Pulsifer,Emma.Pulsifer@yopmail.com,Emma.Pulsifer@gmail.com,doctor
1129,Vita,Auberbach,Vita.Auberbach@yopmail.com,Vita.Auberbach@gmail.com,worker
1130,Cissiee,Roscoe,Cissiee.Roscoe@yopmail.com,Cissiee.Roscoe@gmail.com,developer
1131,Kirbee,Rheingold,Kirbee.Rheingold@yopmail.com,Kirbee.Rheingold@gmail.com,developer
1132,Yvonne,Bluh,Yvonne.Bluh@yopmail.com,Yvonne.Bluh@gmail.com,developer
1133,Madalyn,Ulphia,Madalyn.Ulphia@yopmail.com,Madalyn.Ulphia@gmail.com,police officer
1134,Gwenneth,Percy,Gwenneth.Percy@yopmail.com,Gwenneth.Percy@gmail.com,developer
1135,Rayna,Pip,Rayna.Pip@yopmail.com,Rayna.Pip@gmail.com,developer
1136,Giustina,Norrie,Giustina.Norrie@yopmail.com,Giustina.Norrie@gmail.com,firefighter
1137,Alejandra,Berne,Alejandra.Berne@yopmail.com,Alejandra.Berne@gmail.com,police officer
1138,Katleen,Claudine,Katleen.Claudine@yopmail.com,Katleen.Claudine@gmail.com,worker
1139,Hallie,Saint,Hallie.Saint@yopmail.com,Hallie.Saint@gmail.com,firefighter
1140,Zondra,Adamsen,Zondra.Adamsen@yopmail.com,Zondra.Adamsen@gmail.com,worker
1141,Keelia,Pyle,Keelia.Pyle@yopmail.com,Keelia.Pyle@gmail.com,developer
1142,Harrietta,Pandolfi,Harrietta.Pandolfi@yopmail.com,Harrietta.Pandolfi@gmail.com,worker
1143,Fred,Adrienne,Fred.Adrienne@yopmail.com,Fred.Adrienne@gmail.com,police officer
1144,Sean,Hoenack,Sean.Hoenack@yopmail.com,Sean.Hoenack@gmail.com,firefighter
1145,Suzette,Oneida,Suzette.Oneida@yopmail.com,Suzette.Oneida@gmail.com,doctor
1146,Annabela,Dearborn,Annabela.Dearborn@yopmail.com,Annabela.Dearborn@gmail.com,worker
1147,Alameda,Socha,Alameda.Socha@yopmail.com,Alameda.Socha@gmail.com,police officer
1148,Lelah,Gualtiero,Lelah.Gualtiero@yopmail.com,Lelah.Gualtiero@gmail.com,doctor
1149,Goldie,Roche,Goldie.Roche@yopmail.com,Goldie.Roche@gmail.com,firefighter
1150,Vevay,Nerita,Vevay.Nerita@yopmail.com,Vevay.Nerita@gmail.com,police officer
1151,Lusa,Mike,Lusa.Mike@yopmail.com,Lusa.Mike@gmail.com,police officer
1152,Deane,Zenas,Deane.Zenas@yopmail.com,Deane.Zenas@gmail.com,developer
1153,Violet,Stevy,Violet.Stevy@yopmail.com,Violet.Stevy@gmail.com,worker
1154,Lizzie,Roumell,Lizzie.Roumell@yopmail.com,Lizzie.Roumell@gmail.com,firefighter
1155,Nanete,Amadas,Nanete.Amadas@yopmail.com,Nanete.Amadas@gmail.com,worker
1156,Rosene,Rozanna,Rosene.Rozanna@yopmail.com,Rosene.Rozanna@gmail.com,police officer
1157,Dania,Sharl,Dania.Sharl@yopmail.com,Dania.Sharl@gmail.com,worker
1158,Rayna,Socha,Rayna.Socha@yopmail.com,Rayna.Socha@gmail.com,worker
1159,Belinda,Gaynor,Belinda.Gaynor@yopmail.com,Belinda.Gaynor@gmail.com,worker
1160,Myrtice,Oster,Myrtice.Oster@yopmail.com,Myrtice.Oster@gmail.com,worker
1161,Imojean,Douglass,Imojean.Douglass@yopmail.com,Imojean.Douglass@gmail.com,firefighter
1162,Nicoli,Elbertina,Nicoli.Elbertina@yopmail.com,Nicoli.Elbertina@gmail.com,firefighter
1163,Collen,Baylor,Collen.Baylor@yopmail.com,Collen.Baylor@gmail.com,firefighter
1164,Veda,Pillsbury,Veda.Pillsbury@yopmail.com,Veda.Pillsbury@gmail.com,firefighter
1165,Lory,Rhu,Lory.Rhu@yopmail.com,Lory.Rhu@gmail.com,firefighter
1166,Clarice,Gherardo,Clarice.Gherardo@yopmail.com,Clarice.Gherardo@gmail.com,developer
1167,Margalo,Idelia,Margalo.Idelia@yopmail.com,Margalo.Idelia@gmail.com,police officer
1168,Brooks,Kelula,Brooks.Kelula@yopmail.com,Brooks.Kelula@gmail.com,doctor
1169,Silvana,Cordi,Silvana.Cordi@yopmail.com,Silvana.Cordi@gmail.com,developer
1170,Sibella,Nester,Sibella.Nester@yopmail.com,Sibella.Nester@gmail.com,police officer
1171,Maridel,Odysseus,Maridel.Odysseus@yopmail.com,Maridel.Odysseus@gmail.com,developer
1172,Imojean,Ehrman,Imojean.Ehrman@yopmail.com,Imojean.Ehrman@gmail.com,police officer
1173,Mariann,Darbie,Mariann.Darbie@yopmail.com,Mariann.Darbie@gmail.com,developer
1174,Tilly,Byrne,Tilly.Byrne@yopmail.com,Tilly.Byrne@gmail.com,doctor
1175,Mary,Adrienne,Mary.Adrienne@yopmail.com,Mary.Adrienne@gmail.com,police officer
1176,Aurelie,Rugen,Aurelie.Rugen@yopmail.com,Aurelie.Rugen@gmail.com,doctor
1177,Mallory,Ade,Mallory.Ade@yopmail.com,Mallory.Ade@gmail.com,police officer
1178,Vinita,Tomasina,Vinita.Tomasina@yopmail.com,Vinita.Tomasina@gmail.com,police officer
1179,Kathy,Ellerey,Kathy.Ellerey@yopmail.com,Kathy.Ellerey@gmail.com,police officer
1180,Paulita,Muriel,Paulita.Muriel@yopmail.com,Paulita.Muriel@gmail.com,police officer
1181,Madeleine,Hessler,Madeleine.Hessler@yopmail.com,Madeleine.Hessler@gmail.com,worker
1182,Dulcinea,Gibbeon,Dulcinea.Gibbeon@yopmail.com,Dulcinea.Gibbeon@gmail.com,doctor
1183,Nariko,Helve,Nariko.Helve@yopmail.com,Nariko.Helve@gmail.com,developer
1184,Marcy,Thema,Marcy.Thema@yopmail.com,Marcy.Thema@gmail.com,worker
1185,Wynne,Phi,Wynne.Phi@yopmail.com,Wynne.Phi@gmail.com,doctor
1186,Carilyn,Seligman,Carilyn.Seligman@yopmail.com,Carilyn.Seligman@gmail.com,police officer
1187,Camile,Danby,Camile.Danby@yopmail.com,Camile.Danby@gmail.com,firefighter
1188,Ursulina,Fadiman,Ursulina.Fadiman@yopmail.com,Ursulina.Fadiman@gmail.com,police officer
1189,Tatiania,Giule,Tatiania.Giule@yopmail.com,Tatiania.Giule@gmail.com,developer
1190,Jackie,Edmund,Jackie.Edmund@yopmail.com,Jackie.Edmund@gmail.com,police officer
1191,Susan,Rogerio,Susan.Rogerio@yopmail.com,Susan.Rogerio@gmail.com,developer
1192,Hallie,Birdella,Hallie.Birdella@yopmail.com,Hallie.Birdella@gmail.com,doctor
1193,Taffy,Sothena,Taffy.Sothena@yopmail.com,Taffy.Sothena@gmail.com,police officer
1194,Angelique,Albertine,Angelique.Albertine@yopmail.com,Angelique.Albertine@gmail.com,worker
1195,Genovera,Ackerley,Genovera.Ackerley@yopmail.com,Genovera.Ackerley@gmail.com,doctor
1196,Randa,Engdahl,Randa.Engdahl@yopmail.com,Randa.Engdahl@gmail.com,developer
1197,Daune,Munn,Daune.Munn@yopmail.com,Daune.Munn@gmail.com,firefighter
1198,Mathilda,Israeli,Mathilda.Israeli@yopmail.com,Mathilda.Israeli@gmail.com,developer
1199,Brynna,Pearse,Brynna.Pearse@yopmail.com,Brynna.Pearse@gmail.com,doctor
1200,Dulcinea,Brotherson,Dulcinea.Brotherson@yopmail.com,Dulcinea.Brotherson@gmail.com,police officer
1201,Tina,Socha,Tina.Socha@yopmail.com,Tina.Socha@gmail.com,police officer
1202,Cyb,Hertzfeld,Cyb.Hertzfeld@yopmail.com,Cyb.Hertzfeld@gmail.com,firefighter
1203,Lilith,Boehike,Lilith.Boehike@yopmail.com,Lilith.Boehike@gmail.com,police officer
1204,Dennie,Arathorn,Dennie.Arathorn@yopmail.com,Dennie.Arathorn@gmail.com,worker
1205,Jan,Bakerman,Jan.Bakerman@yopmail.com,Jan.Bakerman@gmail.com,worker
1206,Lucille,Cimbura,Lucille.Cimbura@yopmail.com,Lucille.Cimbura@gmail.com,worker
1207,Augustine,Chick,Augustine.Chick@yopmail.com,Augustine.Chick@gmail.com,developer
1208,Yolane,Cohdwell,Yolane.Cohdwell@yopmail.com,Yolane.Cohdwell@gmail.com,worker
1209,Elise,Cavan,Elise.Cavan@yopmail.com,Elise.Cavan@gmail.com,firefighter
1210,Myrtice,Earlie,Myrtice.Earlie@yopmail.com,Myrtice.Earlie@gmail.com,firefighter
1211,Janeczka,Ade,Janeczka.Ade@yopmail.com,Janeczka.Ade@gmail.com,worker
1212,Merry,Garlinda,Merry.Garlinda@yopmail.com,Merry.Garlinda@gmail.com,police officer
1213,Cissiee,Drus,Cissiee.Drus@yopmail.com,Cissiee.Drus@gmail.com,firefighter
1214,Susan,Brunell,Susan.Brunell@yopmail.com,Susan.Brunell@gmail.com,firefighter
1215,Gianina,Berriman,Gianina.Berriman@yopmail.com,Gianina.Berriman@gmail.com,worker
1216,Marti,Konyn,Marti.Konyn@yopmail.com,Marti.Konyn@gmail.com,firefighter
1217,Jacquetta,Lesley,Jacquetta.Lesley@yopmail.com,Jacquetta.Lesley@gmail.com,police officer
1218,Renie,Chick,Renie.Chick@yopmail.com,Renie.Chick@gmail.com,police officer
1219,Arlena,Socha,Arlena.Socha@yopmail.com,Arlena.Socha@gmail.com,developer
1220,Shaylyn,Pond,Shaylyn.Pond@yopmail.com,Shaylyn.Pond@gmail.com,firefighter
1221,Marcelline,Wilkinson,Marcelline.Wilkinson@yopmail.com,Marcelline.Wilkinson@gmail.com,firefighter
1222,Tersina,Caitlin,Tersina.Caitlin@yopmail.com,Tersina.Caitlin@gmail.com,doctor
1223,Kirbee,Seumas,Kirbee.Seumas@yopmail.com,Kirbee.Seumas@gmail.com,developer
1224,Maud,Yusuk,Maud.Yusuk@yopmail.com,Maud.Yusuk@gmail.com,worker
1225,Kittie,Longfellow,Kittie.Longfellow@yopmail.com,Kittie.Longfellow@gmail.com,police officer
1226,Libbie,Kirbee,Libbie.Kirbee@yopmail.com,Libbie.Kirbee@gmail.com,developer
1227,Arlina,Daegal,Arlina.Daegal@yopmail.com,Arlina.Daegal@gmail.com,worker
1228,Hermione,Iphlgenia,Hermione.Iphlgenia@yopmail.com,Hermione.Iphlgenia@gmail.com,developer
1229,Carly,Rodmann,Carly.Rodmann@yopmail.com,Carly.Rodmann@gmail.com,developer
1230,Ulrike,Bari,Ulrike.Bari@yopmail.com,Ulrike.Bari@gmail.com,developer
1231,Chere,Ax,Chere.Ax@yopmail.com,Chere.Ax@gmail.com,firefighter
1232,Sindee,Hebner,Sindee.Hebner@yopmail.com,Sindee.Hebner@gmail.com,police officer
1233,Chloris,Stacy,Chloris.Stacy@yopmail.com,Chloris.Stacy@gmail.com,developer
1234,Winny,Grimbly,Winny.Grimbly@yopmail.com,Winny.Grimbly@gmail.com,police officer
1235,Valeda,Alice,Valeda.Alice@yopmail.com,Valeda.Alice@gmail.com,doctor
1236,Bernardine,Mendez,Bernardine.Mendez@yopmail.com,Bernardine.Mendez@gmail.com,police officer
1237,Elie,Bow,Elie.Bow@yopmail.com,Elie.Bow@gmail.com,doctor
1238,Dacia,Rona,Dacia.Rona@yopmail.com,Dacia.Rona@gmail.com,firefighter
1239,Collen,Keily,Collen.Keily@yopmail.com,Collen.Keily@gmail.com,worker
1240,Minda,Screens,Minda.Screens@yopmail.com,Minda.Screens@gmail.com,firefighter
1241,Antonietta,Gamaliel,Antonietta.Gamaliel@yopmail.com,Antonietta.Gamaliel@gmail.com,worker
1242,Consuela,Freddi,Consuela.Freddi@yopmail.com,Consuela.Freddi@gmail.com,worker
1243,Di,Vanni,Di.Vanni@yopmail.com,Di.Vanni@gmail.com,worker
1244,Annice,Estella,Annice.Estella@yopmail.com,Annice.Estella@gmail.com,doctor
1245,Suzette,Alice,Suzette.Alice@yopmail.com,Suzette.Alice@gmail.com,firefighter
1246,Marti,Isacco,Marti.Isacco@yopmail.com,Marti.Isacco@gmail.com,developer
1247,Debee,Monk,Debee.Monk@yopmail.com,Debee.Monk@gmail.com,police officer
1248,Sharai,Helfand,Sharai.Helfand@yopmail.com,Sharai.Helfand@gmail.com,firefighter
1249,Netty,Aprile,Netty.Aprile@yopmail.com,Netty.Aprile@gmail.com,police officer
1250,Sheree,Sperling,Sheree.Sperling@yopmail.com,Sheree.Sperling@gmail.com,developer
1251,Merle,August,Merle.August@yopmail.com,Merle.August@gmail.com,police officer
1252,Ardys,Persse,Ardys.Persse@yopmail.com,Ardys.Persse@gmail.com,doctor
1253,Ketti,Rosemary,Ketti.Rosemary@yopmail.com,Ketti.Rosemary@gmail.com,developer
1254,Catharine,Brandice,Catharine.Brandice@yopmail.com,Catharine.Brandice@gmail.com,police officer
1255,Meghann,Zitvaa,Meghann.Zitvaa@yopmail.com,Meghann.Zitvaa@gmail.com,doctor
1256,Madelle,Lane,Madelle.Lane@yopmail.com,Madelle.Lane@gmail.com,doctor
1257,Barbara,Catie,Barbara.Catie@yopmail.com,Barbara.Catie@gmail.com,worker
1258,Pollyanna,Pelagias,Pollyanna.Pelagias@yopmail.com,Pollyanna.Pelagias@gmail.com,worker
1259,Hannis,Huggins,Hannis.Huggins@yopmail.com,Hannis.Huggins@gmail.com,firefighter
1260,Lelah,Kiyoshi,Lelah.Kiyoshi@yopmail.com,Lelah.Kiyoshi@gmail.com,doctor
1261,Sabina,Munn,Sabina.Munn@yopmail.com,Sabina.Munn@gmail.com,doctor
1262,Brianna,Nelsen,Brianna.Nelsen@yopmail.com,Brianna.Nelsen@gmail.com,worker
1263,Emelina,Constancy,Emelina.Constancy@yopmail.com,Emelina.Constancy@gmail.com,firefighter
1264,Ana,Sheng,Ana.Sheng@yopmail.com,Ana.Sheng@gmail.com,worker
1265,Ottilie,Goldina,Ottilie.Goldina@yopmail.com,Ottilie.Goldina@gmail.com,worker
1266,Kate,Earlie,Kate.Earlie@yopmail.com,Kate.Earlie@gmail.com,worker
1267,Drucie,Anderea,Drucie.Anderea@yopmail.com,Drucie.Anderea@gmail.com,developer
1268,Rochette,Jarib,Rochette.Jarib@yopmail.com,Rochette.Jarib@gmail.com,developer
1269,Katharina,Amand,Katharina.Amand@yopmail.com,Katharina.Amand@gmail.com,worker
1270,Genovera,Bonilla,Genovera.Bonilla@yopmail.com,Genovera.Bonilla@gmail.com,developer
1271,Nadine,Rugen,Nadine.Rugen@yopmail.com,Nadine.Rugen@gmail.com,doctor
1272,Gloria,Alejoa,Gloria.Alejoa@yopmail.com,Gloria.Alejoa@gmail.com,doctor
1273,Sheelagh,Wildermuth,Sheelagh.Wildermuth@yopmail.com,Sheelagh.Wildermuth@gmail.com,doctor
1274,Jennica,Olympium,Jennica.Olympium@yopmail.com,Jennica.Olympium@gmail.com,firefighter
1275,Loree,Dawkins,Loree.Dawkins@yopmail.com,Loree.Dawkins@gmail.com,worker
1276,Kathi,Berard,Kathi.Berard@yopmail.com,Kathi.Berard@gmail.com,doctor
1277,Brandise,Bryna,Brandise.Bryna@yopmail.com,Brandise.Bryna@gmail.com,police officer
1278,Pamella,Bebe,Pamella.Bebe@yopmail.com,Pamella.Bebe@gmail.com,police officer
1279,Elsie,Ashely,Elsie.Ashely@yopmail.com,Elsie.Ashely@gmail.com,worker
1280,Kellen,Goerke,Kellen.Goerke@yopmail.com,Kellen.Goerke@gmail.com,firefighter
1281,Luci,Jacqui,Luci.Jacqui@yopmail.com,Luci.Jacqui@gmail.com,doctor
1282,Hermione,Elephus,Hermione.Elephus@yopmail.com,Hermione.Elephus@gmail.com,police officer
1283,Cherrita,Stephie,Cherrita.Stephie@yopmail.com,Cherrita.Stephie@gmail.com,police officer
1284,Corry,Scammon,Corry.Scammon@yopmail.com,Corry.Scammon@gmail.com,developer
1285,Flory,Barbey,Flory.Barbey@yopmail.com,Flory.Barbey@gmail.com,doctor
1286,Penelopa,Allys,Penelopa.Allys@yopmail.com,Penelopa.Allys@gmail.com,firefighter
1287,Marinna,Juliet,Marinna.Juliet@yopmail.com,Marinna.Juliet@gmail.com,worker
1288,Flory,Ajay,Flory.Ajay@yopmail.com,Flory.Ajay@gmail.com,police officer
1289,Georgetta,Freddi,Georgetta.Freddi@yopmail.com,Georgetta.Freddi@gmail.com,worker
1290,Philis,Hedve,Philis.Hedve@yopmail.com,Philis.Hedve@gmail.com,doctor
1291,Melodie,Darian,Melodie.Darian@yopmail.com,Melodie.Darian@gmail.com,police officer
1292,Wilma,Stav,Wilma.Stav@yopmail.com,Wilma.Stav@gmail.com,developer
1293,Peri,Lorenz,Peri.Lorenz@yopmail.com,Peri.Lorenz@gmail.com,developer
1294,Sandie,Raama,Sandie.Raama@yopmail.com,Sandie.Raama@gmail.com,firefighter
1295,Marjie,Ogren,Marjie.Ogren@yopmail.com,Marjie.Ogren@gmail.com,worker
1296,Gratia,Dituri,Gratia.Dituri@yopmail.com,Gratia.Dituri@gmail.com,doctor
1297,Zia,Anis,Zia.Anis@yopmail.com,Zia.Anis@gmail.com,doctor
1298,Lanna,Freddi,Lanna.Freddi@yopmail.com,Lanna.Freddi@gmail.com,firefighter
1299,Tobe,Korey,Tobe.Korey@yopmail.com,Tobe.Korey@gmail.com,worker
1300,Gisela,Levey,Gisela.Levey@yopmail.com,Gisela.Levey@gmail.com,police officer
1301,Noelle,Berriman,Noelle.Berriman@yopmail.com,Noelle.Berriman@gmail.com,doctor
1302,Mady,Roarke,Mady.Roarke@yopmail.com,Mady.Roarke@gmail.com,worker
1303,Catharine,Alexandr,Catharine.Alexandr@yopmail.com,Catharine.Alexandr@gmail.com,firefighter
1304,Sheelagh,Arquit,Sheelagh.Arquit@yopmail.com,Sheelagh.Arquit@gmail.com,police officer
1305,Robbi,Zetta,Robbi.Zetta@yopmail.com,Robbi.Zetta@gmail.com,developer
1306,Vevay,Agle,Vevay.Agle@yopmail.com,Vevay.Agle@gmail.com,worker
1307,Viki,Shields,Viki.Shields@yopmail.com,Viki.Shields@gmail.com,worker
1308,Nyssa,Mandler,Nyssa.Mandler@yopmail.com,Nyssa.Mandler@gmail.com,worker
1309,Dagmar,Dorothy,Dagmar.Dorothy@yopmail.com,Dagmar.Dorothy@gmail.com,police officer
1310,Isa,Melony,Isa.Melony@yopmail.com,Isa.Melony@gmail.com,firefighter
1311,Regina,Adrienne,Regina.Adrienne@yopmail.com,Regina.Adrienne@gmail.com,firefighter
1312,Pollyanna,Llovera,Pollyanna.Llovera@yopmail.com,Pollyanna.Llovera@gmail.com,developer
1313,Clo,Papageno,Clo.Papageno@yopmail.com,Clo.Papageno@gmail.com,firefighter
1314,Eadie,Turne,Eadie.Turne@yopmail.com,Eadie.Turne@gmail.com,doctor
1315,Meriel,Corilla,Meriel.Corilla@yopmail.com,Meriel.Corilla@gmail.com,worker
1316,Atlanta,Brunell,Atlanta.Brunell@yopmail.com,Atlanta.Brunell@gmail.com,worker
1317,Beverley,Margret,Beverley.Margret@yopmail.com,Beverley.Margret@gmail.com,doctor
1318,Leona,Delila,Leona.Delila@yopmail.com,Leona.Delila@gmail.com,doctor
1319,Kaia,Tarrant,Kaia.Tarrant@yopmail.com,Kaia.Tarrant@gmail.com,police officer
1320,Kalina,Niccolo,Kalina.Niccolo@yopmail.com,Kalina.Niccolo@gmail.com,firefighter
1321,Danika,Nikaniki,Danika.Nikaniki@yopmail.com,Danika.Nikaniki@gmail.com,worker
1322,Frieda,Dudley,Frieda.Dudley@yopmail.com,Frieda.Dudley@gmail.com,firefighter
1323,Betta,Teddman,Betta.Teddman@yopmail.com,Betta.Teddman@gmail.com,worker
1324,Ronna,Dorothy,Ronna.Dorothy@yopmail.com,Ronna.Dorothy@gmail.com,worker
1325,Madalyn,Honoria,Madalyn.Honoria@yopmail.com,Madalyn.Honoria@gmail.com,police officer
1326,Adriana,Stefa,Adriana.Stefa@yopmail.com,Adriana.Stefa@gmail.com,doctor
1327,Elora,Anastatius,Elora.Anastatius@yopmail.com,Elora.Anastatius@gmail.com,firefighter
1328,Nelle,Raseda,Nelle.Raseda@yopmail.com,Nelle.Raseda@gmail.com,police officer
1329,Kristina,Paton,Kristina.Paton@yopmail.com,Kristina.Paton@gmail.com,worker
1330,Nita,Cimbura,Nita.Cimbura@yopmail.com,Nita.Cimbura@gmail.com,police officer
1331,Ricky,Karylin,Ricky.Karylin@yopmail.com,Ricky.Karylin@gmail.com,doctor
1332,Candy,Sasnett,Candy.Sasnett@yopmail.com,Candy.Sasnett@gmail.com,doctor
1333,Rosanne,Georgy,Rosanne.Georgy@yopmail.com,Rosanne.Georgy@gmail.com,worker
1334,Brena,Brotherson,Brena.Brotherson@yopmail.com,Brena.Brotherson@gmail.com,worker
1335,Ricky,Huggins,Ricky.Huggins@yopmail.com,Ricky.Huggins@gmail.com,firefighter
1336,Alejandra,Isidore,Alejandra.Isidore@yopmail.com,Alejandra.Isidore@gmail.com,doctor
1337,Coral,Rolf,Coral.Rolf@yopmail.com,Coral.Rolf@gmail.com,firefighter
1338,Florencia,Horan,Florencia.Horan@yopmail.com,Florencia.Horan@gmail.com,police officer
1339,Elka,Borrell,Elka.Borrell@yopmail.com,Elka.Borrell@gmail.com,developer
1340,Yvonne,Brenn,Yvonne.Brenn@yopmail.com,Yvonne.Brenn@gmail.com,doctor
1341,Melisent,Larochelle,Melisent.Larochelle@yopmail.com,Melisent.Larochelle@gmail.com,doctor
1342,Darci,Arne,Darci.Arne@yopmail.com,Darci.Arne@gmail.com,doctor
1343,Brooks,Rheingold,Brooks.Rheingold@yopmail.com,Brooks.Rheingold@gmail.com,doctor
1344,Marjie,Katrine,Marjie.Katrine@yopmail.com,Marjie.Katrine@gmail.com,police officer
1345,Rebeca,Wattenberg,Rebeca.Wattenberg@yopmail.com,Rebeca.Wattenberg@gmail.com,worker
1346,Cordi,Guildroy,Cordi.Guildroy@yopmail.com,Cordi.Guildroy@gmail.com,worker
1347,Jessamyn,Marijo,Jessamyn.Marijo@yopmail.com,Jessamyn.Marijo@gmail.com,doctor
1348,Elie,Constancy,Elie.Constancy@yopmail.com,Elie.Constancy@gmail.com,firefighter
1349,Liana,Hailee,Liana.Hailee@yopmail.com,Liana.Hailee@gmail.com,firefighter
1350,Ileana,Heidt,Ileana.Heidt@yopmail.com,Ileana.Heidt@gmail.com,doctor
1351,Gretal,Alva,Gretal.Alva@yopmail.com,Gretal.Alva@gmail.com,developer
1352,Cyb,Chrystel,Cyb.Chrystel@yopmail.com,Cyb.Chrystel@gmail.com,doctor
1353,Melina,Berl,Melina.Berl@yopmail.com,Melina.Berl@gmail.com,doctor
1354,Miquela,Ahab,Miquela.Ahab@yopmail.com,Miquela.Ahab@gmail.com,worker
1355,Joceline,Ashok,Joceline.Ashok@yopmail.com,Joceline.Ashok@gmail.com,developer
1356,Natka,Hashim,Natka.Hashim@yopmail.com,Natka.Hashim@gmail.com,worker
1357,Max,Cecile,Max.Cecile@yopmail.com,Max.Cecile@gmail.com,doctor
1358,Evaleen,Tristram,Evaleen.Tristram@yopmail.com,Evaleen.Tristram@gmail.com,firefighter
1359,Elsie,Killigrew,Elsie.Killigrew@yopmail.com,Elsie.Killigrew@gmail.com,worker
1360,Leia,Dunkin,Leia.Dunkin@yopmail.com,Leia.Dunkin@gmail.com,developer
1361,Emmey,Daegal,Emmey.Daegal@yopmail.com,Emmey.Daegal@gmail.com,doctor
1362,Imojean,Gemini,Imojean.Gemini@yopmail.com,Imojean.Gemini@gmail.com,worker
1363,Rori,Charmine,Rori.Charmine@yopmail.com,Rori.Charmine@gmail.com,worker
1364,Rhea,Maisey,Rhea.Maisey@yopmail.com,Rhea.Maisey@gmail.com,police officer
1365,Nikki,Danby,Nikki.Danby@yopmail.com,Nikki.Danby@gmail.com,firefighter
1366,Sam,Annice,Sam.Annice@yopmail.com,Sam.Annice@gmail.com,doctor
1367,Maridel,Xerxes,Maridel.Xerxes@yopmail.com,Maridel.Xerxes@gmail.com,developer
1368,Arabel,Rolf,Arabel.Rolf@yopmail.com,Arabel.Rolf@gmail.com,police officer
1369,Jorry,Gaal,Jorry.Gaal@yopmail.com,Jorry.Gaal@gmail.com,worker
1370,Gratia,Chandler,Gratia.Chandler@yopmail.com,Gratia.Chandler@gmail.com,worker
1371,Katharina,Bonilla,Katharina.Bonilla@yopmail.com,Katharina.Bonilla@gmail.com,police officer
1372,Raf,Brady,Raf.Brady@yopmail.com,Raf.Brady@gmail.com,doctor
1373,Willetta,Orlene,Willetta.Orlene@yopmail.com,Willetta.Orlene@gmail.com,police officer
1374,Lorie,Faro,Lorie.Faro@yopmail.com,Lorie.Faro@gmail.com,doctor
1375,Esmeralda,Concha,Esmeralda.Concha@yopmail.com,Esmeralda.Concha@gmail.com,developer
1376,Queenie,Stav,Queenie.Stav@yopmail.com,Queenie.Stav@gmail.com,doctor
1377,Bertine,Dituri,Bertine.Dituri@yopmail.com,Bertine.Dituri@gmail.com,worker
1378,Aryn,Daniele,Aryn.Daniele@yopmail.com,Aryn.Daniele@gmail.com,firefighter
1379,Brietta,Orlene,Brietta.Orlene@yopmail.com,Brietta.Orlene@gmail.com,firefighter
1380,Dagmar,Rooney,Dagmar.Rooney@yopmail.com,Dagmar.Rooney@gmail.com,developer
1381,Nataline,Adrienne,Nataline.Adrienne@yopmail.com,Nataline.Adrienne@gmail.com,doctor
1382,Mathilda,Loleta,Mathilda.Loleta@yopmail.com,Mathilda.Loleta@gmail.com,firefighter
1383,Gaylene,Emerson,Gaylene.Emerson@yopmail.com,Gaylene.Emerson@gmail.com,doctor
1384,Hettie,Harday,Hettie.Harday@yopmail.com,Hettie.Harday@gmail.com,developer
1385,Alyda,Jobi,Alyda.Jobi@yopmail.com,Alyda.Jobi@gmail.com,developer
1386,Meriel,Fink,Meriel.Fink@yopmail.com,Meriel.Fink@gmail.com,developer
1387,Daryl,Jaylene,Daryl.Jaylene@yopmail.com,Daryl.Jaylene@gmail.com,developer
1388,Christal,Mitzi,Christal.Mitzi@yopmail.com,Christal.Mitzi@gmail.com,firefighter
1389,Flo,Vacuva,Flo.Vacuva@yopmail.com,Flo.Vacuva@gmail.com,police officer
1390,Starla,Lytton,Starla.Lytton@yopmail.com,Starla.Lytton@gmail.com,police officer
1391,Glynnis,Bigner,Glynnis.Bigner@yopmail.com,Glynnis.Bigner@gmail.com,police officer
1392,Tilly,Sinegold,Tilly.Sinegold@yopmail.com,Tilly.Sinegold@gmail.com,worker
1393,Ekaterina,O'Carroll,Ekaterina.O'Carroll@yopmail.com,Ekaterina.O'Carroll@gmail.com,firefighter
1394,Raquela,Tippets,Raquela.Tippets@yopmail.com,Raquela.Tippets@gmail.com,worker
1395,Esmeralda,Hull,Esmeralda.Hull@yopmail.com,Esmeralda.Hull@gmail.com,firefighter
1396,Ursulina,McAdams,Ursulina.McAdams@yopmail.com,Ursulina.McAdams@gmail.com,doctor
1397,Blinni,Brieta,Blinni.Brieta@yopmail.com,Blinni.Brieta@gmail.com,developer
1398,Alyda,Bow,Alyda.Bow@yopmail.com,Alyda.Bow@gmail.com,firefighter
1399,Paulita,Khorma,Paulita.Khorma@yopmail.com,Paulita.Khorma@gmail.com,firefighter
1400,Lizzie,Kolnick,Lizzie.Kolnick@yopmail.com,Lizzie.Kolnick@gmail.com,police officer
1401,Charmaine,Bahr,Charmaine.Bahr@yopmail.com,Charmaine.Bahr@gmail.com,worker
1402,Ottilie,Longfellow,Ottilie.Longfellow@yopmail.com,Ottilie.Longfellow@gmail.com,worker
1403,Jany,Latini,Jany.Latini@yopmail.com,Jany.Latini@gmail.com,developer
1404,Fanchon,Letsou,Fanchon.Letsou@yopmail.com,Fanchon.Letsou@gmail.com,doctor
1405,Bibby,Delacourt,Bibby.Delacourt@yopmail.com,Bibby.Delacourt@gmail.com,police officer
1406,Flo,Sparhawk,Flo.Sparhawk@yopmail.com,Flo.Sparhawk@gmail.com,firefighter
1407,Elena,Lory,Elena.Lory@yopmail.com,Elena.Lory@gmail.com,developer
1408,Atlanta,Mata,Atlanta.Mata@yopmail.com,Atlanta.Mata@gmail.com,doctor
1409,Violet,Belldas,Violet.Belldas@yopmail.com,Violet.Belldas@gmail.com,developer
1410,Cherrita,Beebe,Cherrita.Beebe@yopmail.com,Cherrita.Beebe@gmail.com,developer
1411,Dari,Ferino,Dari.Ferino@yopmail.com,Dari.Ferino@gmail.com,worker
1412,Misha,Allare,Misha.Allare@yopmail.com,Misha.Allare@gmail.com,developer
1413,Corene,Cleo,Corene.Cleo@yopmail.com,Corene.Cleo@gmail.com,firefighter
1414,Ulrike,Tound,Ulrike.Tound@yopmail.com,Ulrike.Tound@gmail.com,police officer
1415,Anestassia,Baylor,Anestassia.Baylor@yopmail.com,Anestassia.Baylor@gmail.com,doctor
1416,Minne,Lutero,Minne.Lutero@yopmail.com,Minne.Lutero@gmail.com,developer
1417,Mamie,Hubert,Mamie.Hubert@yopmail.com,Mamie.Hubert@gmail.com,police officer
1418,Corly,Avi,Corly.Avi@yopmail.com,Corly.Avi@gmail.com,police officer
1419,Merrie,Pelagias,Merrie.Pelagias@yopmail.com,Merrie.Pelagias@gmail.com,police officer
1420,Hope,Iiette,Hope.Iiette@yopmail.com,Hope.Iiette@gmail.com,doctor
1421,Joy,Oneida,Joy.Oneida@yopmail.com,Joy.Oneida@gmail.com,firefighter
1422,Marsiella,Ehrman,Marsiella.Ehrman@yopmail.com,Marsiella.Ehrman@gmail.com,police officer
1423,Danny,Hebner,Danny.Hebner@yopmail.com,Danny.Hebner@gmail.com,worker
1424,Alia,Wyn,Alia.Wyn@yopmail.com,Alia.Wyn@gmail.com,firefighter
1425,Gilligan,Eugenia,Gilligan.Eugenia@yopmail.com,Gilligan.Eugenia@gmail.com,doctor
1426,Devina,Paton,Devina.Paton@yopmail.com,Devina.Paton@gmail.com,doctor
1427,Di,Alarise,Di.Alarise@yopmail.com,Di.Alarise@gmail.com,doctor
1428,Diena,McCutcheon,Diena.McCutcheon@yopmail.com,Diena.McCutcheon@gmail.com,police officer
1429,Isa,Myrilla,Isa.Myrilla@yopmail.com,Isa.Myrilla@gmail.com,worker
1430,Renie,Kunin,Renie.Kunin@yopmail.com,Renie.Kunin@gmail.com,police officer
1431,Leanna,Sherfield,Leanna.Sherfield@yopmail.com,Leanna.Sherfield@gmail.com,police officer
1432,Jemie,Faso,Jemie.Faso@yopmail.com,Jemie.Faso@gmail.com,doctor
1433,Annecorinne,Suzetta,Annecorinne.Suzetta@yopmail.com,Annecorinne.Suzetta@gmail.com,police officer
1434,Emylee,Azeria,Emylee.Azeria@yopmail.com,Emylee.Azeria@gmail.com,police officer
1435,Arabel,Karna,Arabel.Karna@yopmail.com,Arabel.Karna@gmail.com,worker
1436,Emelina,Solitta,Emelina.Solitta@yopmail.com,Emelina.Solitta@gmail.com,developer
1437,Oona,Weinreb,Oona.Weinreb@yopmail.com,Oona.Weinreb@gmail.com,developer
1438,Marti,Garek,Marti.Garek@yopmail.com,Marti.Garek@gmail.com,police officer
1439,Ketti,Aaberg,Ketti.Aaberg@yopmail.com,Ketti.Aaberg@gmail.com,doctor
1440,Demetris,Haldas,Demetris.Haldas@yopmail.com,Demetris.Haldas@gmail.com,developer
1441,Ardeen,Marlie,Ardeen.Marlie@yopmail.com,Ardeen.Marlie@gmail.com,firefighter
1442,Grier,Madox,Grier.Madox@yopmail.com,Grier.Madox@gmail.com,firefighter
1443,Katuscha,Flyn,Katuscha.Flyn@yopmail.com,Katuscha.Flyn@gmail.com,police officer
1444,Jackie,Kendrick,Jackie.Kendrick@yopmail.com,Jackie.Kendrick@gmail.com,worker
1445,Raquela,Willie,Raquela.Willie@yopmail.com,Raquela.Willie@gmail.com,developer
1446,Danny,Gwenore,Danny.Gwenore@yopmail.com,Danny.Gwenore@gmail.com,firefighter
1447,Mariann,Melony,Mariann.Melony@yopmail.com,Mariann.Melony@gmail.com,worker
1448,Lanae,Thornburg,Lanae.Thornburg@yopmail.com,Lanae.Thornburg@gmail.com,developer
1449,Shannah,Gusella,Shannah.Gusella@yopmail.com,Shannah.Gusella@gmail.com,doctor
1450,Clarice,Yorick,Clarice.Yorick@yopmail.com,Clarice.Yorick@gmail.com,doctor
1451,Ileana,Dichy,Ileana.Dichy@yopmail.com,Ileana.Dichy@gmail.com,worker
1452,Norine,Kiyoshi,Norine.Kiyoshi@yopmail.com,Norine.Kiyoshi@gmail.com,firefighter
1453,Merci,Regan,Merci.Regan@yopmail.com,Merci.Regan@gmail.com,doctor
1454,Georgetta,Munn,Georgetta.Munn@yopmail.com,Georgetta.Munn@gmail.com,police officer
1455,Vivia,Blisse,Vivia.Blisse@yopmail.com,Vivia.Blisse@gmail.com,developer
1456,Brana,Annice,Brana.Annice@yopmail.com,Brana.Annice@gmail.com,worker
1457,Lory,Lanita,Lory.Lanita@yopmail.com,Lory.Lanita@gmail.com,firefighter
1458,Ulrike,Ricarda,Ulrike.Ricarda@yopmail.com,Ulrike.Ricarda@gmail.com,developer
1459,Clary,Lea,Clary.Lea@yopmail.com,Clary.Lea@gmail.com,police officer
1460,Petronia,Korey,Petronia.Korey@yopmail.com,Petronia.Korey@gmail.com,doctor
1461,Millie,Morehouse,Millie.Morehouse@yopmail.com,Millie.Morehouse@gmail.com,police officer
1462,Adelle,Sigfrid,Adelle.Sigfrid@yopmail.com,Adelle.Sigfrid@gmail.com,worker
1463,Gilda,Ventre,Gilda.Ventre@yopmail.com,Gilda.Ventre@gmail.com,worker
1464,Danny,Moseley,Danny.Moseley@yopmail.com,Danny.Moseley@gmail.com,developer
1465,Carree,Dermott,Carree.Dermott@yopmail.com,Carree.Dermott@gmail.com,worker
1466,Gabi,Gabrielli,Gabi.Gabrielli@yopmail.com,Gabi.Gabrielli@gmail.com,police officer
1467,Cathie,Argus,Cathie.Argus@yopmail.com,Cathie.Argus@gmail.com,doctor
1468,Regina,Zetta,Regina.Zetta@yopmail.com,Regina.Zetta@gmail.com,developer
1469,Amii,Lareena,Amii.Lareena@yopmail.com,Amii.Lareena@gmail.com,worker
1470,Adelle,Gale,Adelle.Gale@yopmail.com,Adelle.Gale@gmail.com,firefighter
1471,Grier,Lissi,Grier.Lissi@yopmail.com,Grier.Lissi@gmail.com,developer
1472,Aimil,Naor,Aimil.Naor@yopmail.com,Aimil.Naor@gmail.com,police officer
1473,Cathyleen,Sallyann,Cathyleen.Sallyann@yopmail.com,Cathyleen.Sallyann@gmail.com,developer
1474,Latisha,Brian,Latisha.Brian@yopmail.com,Latisha.Brian@gmail.com,worker
1475,Keelia,Phaidra,Keelia.Phaidra@yopmail.com,Keelia.Phaidra@gmail.com,doctor
1476,Roz,Lindemann,Roz.Lindemann@yopmail.com,Roz.Lindemann@gmail.com,doctor
1477,Elise,Forrer,Elise.Forrer@yopmail.com,Elise.Forrer@gmail.com,worker
1478,Alyssa,Maisey,Alyssa.Maisey@yopmail.com,Alyssa.Maisey@gmail.com,developer
1479,Sonni,Peonir,Sonni.Peonir@yopmail.com,Sonni.Peonir@gmail.com,doctor
1480,Queenie,Hirsch,Queenie.Hirsch@yopmail.com,Queenie.Hirsch@gmail.com,developer
1481,Tierney,Chick,Tierney.Chick@yopmail.com,Tierney.Chick@gmail.com,firefighter
1482,Modestia,Raseda,Modestia.Raseda@yopmail.com,Modestia.Raseda@gmail.com,doctor
1483,Desirae,Eno,Desirae.Eno@yopmail.com,Desirae.Eno@gmail.com,developer
1484,Lucy,Laurianne,Lucy.Laurianne@yopmail.com,Lucy.Laurianne@gmail.com,firefighter
1485,Kathy,Brackely,Kathy.Brackely@yopmail.com,Kathy.Brackely@gmail.com,police officer
1486,Siana,Dawkins,Siana.Dawkins@yopmail.com,Siana.Dawkins@gmail.com,doctor
1487,Cindelyn,Alva,Cindelyn.Alva@yopmail.com,Cindelyn.Alva@gmail.com,doctor
1488,Kerrin,Catie,Kerrin.Catie@yopmail.com,Kerrin.Catie@gmail.com,firefighter
1489,Rhea,Morrill,Rhea.Morrill@yopmail.com,Rhea.Morrill@gmail.com,doctor
1490,Candi,Devlen,Candi.Devlen@yopmail.com,Candi.Devlen@gmail.com,doctor
1491,Lusa,Capello,Lusa.Capello@yopmail.com,Lusa.Capello@gmail.com,developer
1492,Marcelline,Edee,Marcelline.Edee@yopmail.com,Marcelline.Edee@gmail.com,developer
1493,Deirdre,Reidar,Deirdre.Reidar@yopmail.com,Deirdre.Reidar@gmail.com,doctor
1494,Lelah,Therine,Lelah.Therine@yopmail.com,Lelah.Therine@gmail.com,doctor
1495,Madalyn,Bebe,Madalyn.Bebe@yopmail.com,Madalyn.Bebe@gmail.com,developer
1496,Brianna,Mendez,Brianna.Mendez@yopmail.com,Brianna.Mendez@gmail.com,doctor
1497,Rubie,Wenda,Rubie.Wenda@yopmail.com,Rubie.Wenda@gmail.com,doctor
1498,Jaclyn,Kimmie,Jaclyn.Kimmie@yopmail.com,Jaclyn.Kimmie@gmail.com,doctor
1499,Cyb,Peonir,Cyb.Peonir@yopmail.com,Cyb.Peonir@gmail.com,doctor